echoamplitude_injected,duration,SNR,echoamplitude_searched_new,echoamplitude_searched_old,echoamplitude_searched_new_error,echoamplitude_searched_old_error,echoamplitude_searched_new_error_up,echoamplitude_searched_new_error_down,echoamplitude_searched_old_error_up,echoamplitude_searched_old_error_down,echoamplitude_searched_new_min,echoamplitude_searched_new_max,echoamplitude_searched_old_min,echoamplitude_searched_old_max,log_likelihood_new,log_likelihood_old,log_likelihood_new_error,log_likelihood_old_error,log_likelihood_new_error_up,log_likelihood_new_error_down,log_likelihood_old_error_up,log_likelihood_old_error_down,normalized_echoamplitude_injected,normalized_echoamplitude_searched_new,normalized_echoamplitude_searched_old,normalized_echoamplitude_searched_new_min,normalized_echoamplitude_searched_new_max,normalized_echoamplitude_searched_old_min,normalized_echoamplitude_searched_old_max
0.0,4,0.0,0.01301694915254235,0.014440677966101666,0.01525423728813555,0.015661016949152493,0.0,0.0305084745762711,0.0,0.031322033898304985,0.0,0.0610169491525423,0.0,0.0610169491525423,0.23755190656030453,0.2436965832348272,0.16997785222410555,0.22116582851437488,0.0,0.3399557044482111,0.0,0.44233165702874977,0.0,0.5891084143265279,0.6534875219399138,0.0,2.7472659532716914,0.0,2.7472659532716914
0.0,10,0.0,0.009305084745762691,0.015355932203389799,0.01271186440677965,0.018203389830508444,0.0,0.0254237288135593,0.0,0.03640677966101689,0.0,0.0508474576271186,0.0,0.0610169491525423,0.1598978662660246,0.20141042503323459,0.14976929710874504,0.18036898356780368,0.0,0.2995385942174901,0.0,0.36073796713560735,0.0,0.2663339942074438,0.43927239010504215,0.0,1.4713158417949348,0.0,1.7468208225253543
0.0,50,0.0,0.009610169491525404,0.020898305084745737,0.01271186440677965,0.02796610169491525,0.0,0.0254237288135593,0.0,0.0559322033898305,0.0,0.0559322033898305,0.0,0.0915254237288135,0.1368317789272503,0.26188504227598824,0.11632972937835688,0.22562830334465545,0.0,0.23265945875671376,0.0,0.4512566066893109,0.0,0.12304376115108068,0.267298282761243,0.0,0.7183546549212161,0.0,1.1637856738168348
0.0,100,0.0,0.008949152542372862,0.0284237288135593,0.01271186440677965,0.0330508474576271,0.0,0.0254237288135593,0.0,0.0661016949152542,0.0,0.0508474576271186,0.0,0.111864406779661,0.14984936166067858,0.32074469906542613,0.08562154616273507,0.2747410997713385,0.0,0.17124309232547014,0.0,0.549482199542677,0.0,0.08095759697912029,0.25713958951623284,0.0,0.461778720107658,0.0,1.0023873668114205
0.0,200,0.0,0.009610169491525407,0.0336101694915254,0.01271186440677965,0.04108474576271184,0.0,0.0254237288135593,0.0,0.08216949152542367,0.0,0.0559322033898305,0.0,0.1372881355932203,0.16961009376077868,0.358640767801267,0.12561418089513027,0.3536693233703952,0.0,0.25122836179026053,0.0,0.7073386467407904,0.0,0.061511071567303593,0.21510546807118414,0.0,0.3591806573894249,0.0,0.878498846209837
0.0,500,0.0,0.009813559322033873,0.033864406779660995,0.01271186440677965,0.04576271186440675,0.0,0.0254237288135593,0.0,0.0915254237288135,0.0,0.0457627118644067,0.0,0.1983050847457627,0.13028123551246748,0.25630549698075766,0.06946326651667413,0.21116679991617998,0.0,0.13892653303334826,0.0,0.42233359983235996,0.0,0.039740545285453975,0.1369757791869515,0.0,0.1872669115047419,0.0,0.7946772881901659
0.01,4,0.72260361339761,0.014847457627118612,0.016677966101694884,0.015661016949152493,0.0177966101694915,0.0,0.031322033898304985,0.0,0.035593220338983,0.0,0.0610169491525423,0.0,0.0610169491525423,0.30575661064779364,0.31043245433452094,0.25768261578571583,0.3120015632867331,0.0,0.5153652315714317,0.0,0.6240031265734662,0.45242420389757165,0.6716633828246041,0.7546424686242449,0.0,2.7472659532716914,0.0,2.7472659532716914
0.01,10,0.7427754964039637,0.011847457627118625,0.01810169491525421,0.0177966101694915,0.02033898305084745,0.0,0.035593220338983,0.0,0.0406779661016949,0.0,0.0559322033898305,0.0,0.0610169491525423,0.22798141320096474,0.24396271852844953,0.27112166001765703,0.22947693223520918,0.0,0.5422433200353141,0.0,0.45895386447041836,0.28613620668568585,0.33896271408970224,0.5177086923672771,0.0,1.6184474259744284,0.0,1.7468208225253543
0.01,50,0.7304189106770589,0.012711864406779634,0.022627118644067773,0.01525423728813555,0.02796610169491525,0.0,0.0305084745762711,0.0,0.0559322033898305,0.0,0.0559322033898305,0.0,0.0915254237288135,0.20695849552805204,0.2885648596637276,0.1750612618544234,0.2638449219310488,0.0,0.3501225237088468,0.0,0.5276898438620976,0.12796353408523095,0.16269159511442716,0.28939262241485303,0.0,0.7183546549212161,0.0,1.1637856738168348
0.01,100,0.7317591880910903,0.012305084745762687,0.029796610169491502,0.01525423728813555,0.033457627118644036,0.0,0.0305084745762711,0.0,0.06691525423728807,0.0,0.0508474576271186,0.0,0.111864406779661,0.21996955561196285,0.3412408692315703,0.21503710576678126,0.30081601725192325,0.0,0.4300742115335625,0.0,0.6016320345038465,0.09048384152150335,0.1112885515675315,0.2695450726223836,0.0,0.461778720107658,0.0,1.0023873668114205
0.01,200,0.731071431413244,0.012406779661016927,0.034372881355932174,0.015661016949152493,0.0432203389830508,0.0,0.031322033898304985,0.0,0.0864406779661016,0.0,0.0559322033898305,0.0,0.1372881355932203,0.23385751355402906,0.3732066144326152,0.2336949538323694,0.3928448761707037,0.0,0.4673899076647388,0.0,0.7856897523414074,0.0639817233793565,0.07937379730403592,0.21997755117046375,0.0,0.3591806573894249,0.0,0.878498846209837
0.01,500,0.7317486269594421,0.01306779661016946,0.03477966101694913,0.013118644067796585,0.04576271186440675,0.0,0.02623728813559317,0.0,0.0915254237288135,0.0,0.0508474576271186,0.0,0.1983050847457627,0.19155486175257444,0.26426883871018686,0.17624050713021544,0.22437530638908493,0.0,0.3524810142604309,0.0,0.44875061277816986,0.040465589381461324,0.05288928591247195,0.14067643016839199,0.0,0.2080743461163798,0.0,0.7946772881901659
0.03,4,2.16781084019283,0.028220338983050805,0.02918644067796607,0.0254237288135593,0.0254237288135593,0.0,0.0508474576271186,0.0,0.0508474576271186,0.0,0.071186440677966,0.0,0.0762711864406779,0.9618903719962324,0.9431058822911857,0.9565470712381878,1.0924107897951651,0.0,1.9130941424763757,0.0,2.1848215795903303,1.357272611692715,1.276270219327193,1.3199086940162439,0.0,3.207701980900408,0.0,3.4368235509647223
0.03,10,2.2283264892118906,0.029084745762711826,0.031169491525423695,0.02288135593220335,0.02583050847457624,0.0,0.0457627118644067,0.0,0.05166101694915248,0.0,0.0661016949152542,0.0,0.071186440677966,0.939837373831204,0.636120692052623,1.0126858417242806,0.708951211695554,0.0,2.025371683448561,0.0,1.417902423391108,0.8584086200570574,0.8320448596727184,0.8913451986824781,0.0,1.9127105943334155,0.0,2.0463314793365672
0.03,50,2.191256732031177,0.02893220338983047,0.03142372881355929,0.02288135593220335,0.0330508474576271,0.0,0.0457627118644067,0.0,0.0661016949152542,0.0,0.0661016949152542,0.0,0.0966101694915254,0.9042323604699124,0.46149331617863815,0.9681151864941877,0.46410795443513586,0.0,1.9362303729883754,0.0,0.9282159088702717,0.38389060225569294,0.37019189436444633,0.40195203344806485,0.0,0.8425382894234278,0.0,1.2284404334733257
0.03,100,2.1952775642732707,0.029847457627118604,0.03661016949152539,0.0254237288135593,0.038542372881355896,0.0,0.0508474576271186,0.0,0.07708474576271179,0.0,0.0661016949152542,0.0,0.1220338983050847,0.9453280508104973,0.467897624532818,1.1009557558502865,0.47882092145357247,0.0,2.201911511700573,0.0,0.9576418429071449,0.2714515245645102,0.2699498824878042,0.3311064667808222,0.0,0.5989973383205324,0.0,1.093513491067004
0.03,200,2.1932142942397324,0.02867796610169487,0.04016949152542369,0.0254237288135593,0.04576271186440675,0.0,0.0508474576271186,0.0,0.0915254237288135,0.0,0.0661016949152542,0.0,0.1423728813559321,0.9272836248162788,0.4597660846686649,1.0038132291611903,0.49255463241874425,0.0,2.0076264583223806,0.0,0.9851092648374885,0.1919451701380696,0.1834526489254239,0.25710570521577836,0.0,0.4235563646477436,0.0,0.9110358405139048
0.03,500,2.195245880878326,0.02908474576271182,0.039661016949152514,0.02288135593220335,0.0483050847457627,0.0,0.0457627118644067,0.0,0.0966101694915254,0.0,0.0610169491525423,0.0,0.1983050847457627,0.8749884117387466,0.3071222648823098,0.9271554134253166,0.2631264360559418,0.0,1.8543108268506332,0.0,0.5262528721118837,0.12139676814438417,0.11770258717092819,0.16043008046542057,0.0,0.2496892153396558,0.0,0.7946772881901659
0.05,4,3.61301806698805,0.04901694915254232,0.04967796610169486,0.017796610169491547,0.017796610169491547,0.0305084745762711,0.0661016949152542,0.0305084745762711,0.0661016949152542,0.0,0.0915254237288135,0.0,0.0966101694915254,3.046264658084882,2.897217312494117,2.5990520690540553,2.5601845715238065,0.28586796622612565,5.483972104334236,0.37947543686929786,5.4998445799169104,2.262121019487859,2.217258231480115,2.2469079277815793,0.0,4.124188261157667,0.0,4.353309831221981
0.05,10,3.7138774820198175,0.05120338983050842,0.05171186440677961,0.015254237288135596,0.0177966101694915,0.035593220338983,0.0661016949152542,0.035593220338983,0.071186440677966,0.0,0.0813559322033898,0.0,0.0864406779661016,3.3717551725873274,1.930530200272346,2.4702098934760093,1.6436175733323417,0.7412339988512424,5.6816537858032605,0.28383795721014765,3.571073103874831,1.430681033428429,1.464926358155591,1.4792716586337056,0.0,2.3311956339958093,0.0,2.4848310820515462
0.05,50,3.652094553385295,0.05099999999999996,0.048101694915254185,0.015254237288135596,0.0406779661016949,0.035593220338983,0.0661016949152542,0.0,0.0813559322033898,0.0,0.0864406779661016,0.0,0.1067796610169491,3.2213007607105997,0.9411061729112851,2.4459772242109397,0.9380870710640168,0.7027598674602973,5.594714315882176,0.0,1.8761741421280336,0.6398176704261551,0.6525111337388997,0.6153912703795805,0.0,1.1017808400152518,0.0,1.3678131833878744
0.05,100,3.658795940455452,0.05150847457627112,0.0500338983050847,0.015254237288135596,0.04576271186440675,0.035593220338983,0.0661016949152542,0.0,0.0915254237288135,0.0101694915254237,0.0864406779661016,0.0,0.1271186440677966,3.308655986735136,0.7863823415031121,2.7605533821308903,0.9711793557659534,0.5572517985018245,6.078358562763605,0.0,1.9423587115319068,0.4524192076075171,0.46595346733525633,0.4525983446260354,0.0915049504986024,0.7833042116499269,0.0,1.1390765531947962
0.05,200,3.6553571570662204,0.05099999999999994,0.052423728813559285,0.015661016949152548,0.051254237288135544,0.0347796610169491,0.0661016949152542,0.0,0.10250847457627109,0.0,0.0864406779661016,0.0,0.147457627118644,3.2422774927349476,0.6607993172862139,2.683577922838052,0.7508934750353773,0.6394428477282795,6.006598693404383,0.0,1.5017869500707546,0.31990861689678285,0.3262546645180522,0.33553571101369256,0.0,0.5490622930769543,0.0,0.9435728348179728
0.05,500,3.6587431347972115,0.05120338983050843,0.049169491525423686,0.015254237288135596,0.05338983050847455,0.035593220338983,0.0661016949152542,0.0,0.1067796610169491,0.0,0.0813559322033898,0.0,0.2084745762711864,3.189328178047508,0.3996055705839367,2.417285660228443,0.3592268204680527,0.7376062773237149,5.572177597780601,0.0,0.7184536409361054,0.20232794690730693,0.2071964058895291,0.19891221689375796,0.0,0.3296997601080008,0.0,0.8354299696358155
0.1,4,7.2260361339761,0.10154237288135588,0.10235593220338979,0.015254237288135603,0.015254237288135603,0.0864406779661016,0.1169491525423728,0.0864406779661016,0.1169491525423728,0.071186440677966,0.1423728813559321,0.0661016949152542,0.147457627118644,18.628289007773773,17.43374050848212,7.051977405498085,6.59408450675034,11.082761545318293,25.186716356314463,10.756227184812818,23.9443961983135,4.524242038975718,4.593466450791968,4.630269719473464,3.2027110231227827,6.415403961800815,2.9739459500425847,6.6445255318651295
0.1,10,7.427754964039635,0.10322033898305082,0.10438983050847453,0.012711864406779648,0.0131186440677966,0.0915254237288135,0.1169491525423728,0.0907118644067796,0.1169491525423728,0.0661016949152542,0.1322033898305084,0.0559322033898305,0.1322033898305084,20.79858192705667,13.369699217766593,6.4121677034854505,5.37224523960129,14.31689593639077,27.14123134336167,8.013201424145324,18.757691903347904,2.861362066856858,2.9533020190375305,2.9866933990350897,1.8883896098325004,3.78819290524319,1.597868131396731,3.7926814568206138
0.1,50,7.304189106770589,0.10337288135593216,0.10164406779661012,0.012711864406779648,0.02033898305084745,0.0915254237288135,0.1169491525423728,0.0813559322033898,0.1220338983050847,0.0610169491525423,0.1372881355932203,0.0,0.1423728813559321,19.933201945274114,5.848928076702924,6.5508971507588365,3.1706725209412645,14.15734546447817,27.259139765995844,2.5628264627833195,8.904171504665849,1.2796353408523102,1.322693256692374,1.3005893296139224,0.7795249396711543,1.7498872164948116,0.0,1.823750911183832
0.1,100,7.3175918809109035,0.10337288135593216,0.10169491525423725,0.015254237288135603,0.02542372881355935,0.0864406779661016,0.1169491525423728,0.0762711864406779,0.1271186440677966,0.071186440677966,0.1322033898305084,0.0,0.1576271186440677,20.160414642442515,3.7529421260195464,6.797622271973996,2.623030879229437,12.866064568915611,26.461309112863603,1.0729264174050699,6.318988175863944,0.9048384152150342,0.9352439420649395,0.9200660999892962,0.6430723928178319,1.1979946766410647,0.0,1.412454925961547
0.1,200,7.310714314132441,0.10296610169491521,0.10210169491525418,0.0131186440677966,0.02837288135593219,0.0907118644067796,0.1169491525423728,0.0762711864406779,0.13301694915254228,0.0661016949152542,0.1372881355932203,0.0,0.1728813559322033,19.83948778935662,2.40726595200521,7.0480171104240785,2.0642172306692,13.265730041749308,27.361764262597465,0.48351497300598706,4.611949434344387,0.6398172337935658,0.6587185522864396,0.6533592040158126,0.4222398351086837,0.8720401125339862,0.0,1.1072788943213518
0.1,500,7.317486269594423,0.10337288135593216,0.09061016949152537,0.012711864406779648,0.0584745762711864,0.0915254237288135,0.1169491525423728,0.0254237288135593,0.1423728813559321,0.071186440677966,0.1322033898305084,0.0,0.2288135593220338,20.037256479337593,1.1103597655080082,6.064849944571511,1.0803518881054492,14.099159706629052,26.228859595772075,0.002686942963184988,2.1633907191740835,0.404655893814614,0.4182770002050441,0.3666575915979399,0.2864557434028773,0.5357621101755013,0.0,0.9169353325271145
0.15,4,10.83905420096415,0.15170847457627118,0.1522779661016949,0.015254237288135603,0.014237288135593246,0.1347457627118644,0.1652542372881356,0.1367796610169491,0.1652542372881356,0.1225423728813559,0.193728813559322,0.1205084745762711,0.1957627118644067,49.23286425159193,46.249303464311204,10.720405544750161,10.33812943387034,37.376082371465245,58.81689346096557,35.87492500772404,56.551183875464716,6.786363058463575,6.863133239908055,6.888859837907079,5.535255536320097,8.729531819450395,5.492835608883801,8.82118044747612
0.15,10,11.141632446059452,0.1535593220338983,0.15469830508474575,0.012203389830508504,0.013383050847457625,0.1408474576271186,0.1652542372881356,0.14255593220338975,0.169322033898305,0.1205084745762711,0.1835593220338983,0.1123728813559322,0.1835593220338983,53.88810745310027,39.39750542748293,10.136025004309303,8.616761467855493,43.644006840045584,63.91605684866419,31.14967761545141,48.383200551162396,4.292043100285287,4.393639737578455,4.42617997213784,3.442679519463866,5.259760149203045,3.210262336715251,5.259760149203045
0.15,50,10.956283660155885,0.15355932203389827,0.15329491525423722,0.013220338983050861,0.015416949152542325,0.1408474576271186,0.1672881355932203,0.13848813559322035,0.169322033898305,0.1144067796610169,0.1876271186440677,0.0940677966101695,0.1876271186440677,51.79072877663384,20.533812407652384,10.42609006308028,6.454033908470867,42.54103410713996,63.39321423330052,14.145009092268555,27.05307690921029,1.9194530112784656,1.964874789704842,1.9615171257267356,1.4616092618834144,2.391512529209576,1.201767615326363,2.3977711539995203
0.15,100,10.976387821366352,0.15380338983050845,0.15390508474576267,0.014237288135593204,0.019484745762711878,0.1388135593220339,0.1672881355932203,0.1327118644067796,0.17168135593220335,0.1245762711864406,0.185593220338983,0.09,0.1998305084745762,52.28634206437844,13.318874603780591,10.789884240306034,5.614636135538152,41.531751161333425,63.11151964194549,7.653673227786421,18.882945498862725,1.3572576228225515,1.3915597088155645,1.3924719280257423,1.125376687431206,1.672729479602861,0.8130272394911161,1.8010484533806146
0.15,200,10.966071471198658,0.15321355932203384,0.15494237288135587,0.015254237288135547,0.021681355932203397,0.1388135593220339,0.169322033898305,0.136128813559322,0.1794915254237288,0.1205084745762711,0.185593220338983,0.09,0.21,51.679032260039314,8.187501824882146,11.561401977010284,4.0547205566328,40.93841227476135,64.06121622878192,4.456300988481164,12.565742101746764,0.9597258506903485,0.9802058163061871,0.9913662289234767,0.7697756993904465,1.1788690410181666,0.5736388050501423,1.3450181863374069
0.15,500,10.976229404391631,0.1536610169491525,0.14892203389830505,0.013220338983050861,0.03254237288135595,0.1408474576271186,0.1672881355932203,0.1164406779661016,0.1815254237288135,0.1225423728813559,0.1835593220338983,0.09,0.21,52.11041350854371,3.528902229787546,9.596483140581817,2.557086599668021,42.928219559881484,62.12118584104512,1.0252641767121378,6.139437376048179,0.6069838407219211,0.6217673060054699,0.6026150515992602,0.4931131011435246,0.7398714801098812,0.3626754575625052,0.849894510010214
0.2,4,14.4520722679522,0.20168135593220335,0.20208813559322028,0.01491525423728815,0.0135593220338983,0.1850847457627118,0.2149152542372881,0.1877966101694915,0.2149152542372881,0.1742372881355932,0.2447457627118643,0.1688135593220339,0.2447457627118643,93.65602630868632,88.39156258555988,14.633472008363242,13.997866691180306,78.23754373341775,107.50448775014424,74.0504866140396,102.04621999640021,9.048484077951436,9.123997614699013,9.14240686438697,7.870321841406721,11.028384905762351,7.694605156748615,11.028384905762351
0.2,10,14.855509928079274,0.2037152542372881,0.20447457627118634,0.012203389830508504,0.0135593220338983,0.1905084745762711,0.2149152542372881,0.1905084745762711,0.2176271186440677,0.1715254237288135,0.2338983050847457,0.1688135593220339,0.2338983050847457,101.48080547734986,80.35505191629159,13.546811106613312,12.331797476678616,87.54749020330975,114.64111241653637,68.477628930518,93.14122388387523,5.722724133713716,5.828778623376066,5.850476423293242,4.900128936283308,6.702187447737951,4.822656542033771,6.702187447737951
0.2,50,14.608378213541178,0.2034711864406779,0.2034711864406779,0.012420338983050824,0.016271186440677946,0.19278644067796605,0.2176271186440677,0.1877966101694915,0.2203389830508474,0.1661016949152542,0.2393220338983051,0.1525423728813559,0.2366101694915254,97.71551015611595,48.316607087250276,13.801248060524344,11.05202837394954,85.36004807584327,112.96254419689195,37.637833048953965,59.741889796853044,2.5592706817046205,2.603564453779005,2.603591812612542,2.1220401135492533,3.050420678630461,1.9488123491778853,3.0237475437970467
0.2,100,14.635183761821803,0.20398644067796604,0.2041491525423728,0.0135593220338983,0.017627118644067796,0.1905084745762711,0.2176271186440677,0.1850847457627118,0.2203389830508474,0.1742372881355932,0.2338983050847457,0.1525423728813559,0.247457627118644,98.5265099424897,33.28858441187733,15.054383731362734,8.528872202646104,83.51896572513046,113.62773318785592,24.61027991583656,41.66802432112877,1.8096768304300688,1.8456311168778694,1.8470860425582472,1.5739962376588836,2.108097426348811,1.3780122703239257,2.2303059728038144
0.2,200,14.621428628264882,0.2031728813559322,0.20509830508474572,0.016271186440677946,0.021694915254237293,0.1877966101694915,0.2203389830508474,0.1850847457627118,0.2284745762711864,0.1715254237288135,0.2366101694915254,0.1471186440677966,0.2528813559322034,97.62198115314327,21.082244763322347,15.859740826969684,7.122881952733484,82.92925874903422,114.64874040297359,14.71643876478,28.962202670246967,1.2796344675871316,1.299852213151366,1.3122470603357812,1.0956582387948408,1.502923453206722,0.9397542996777885,1.6196667748308404
0.2,500,14.634972539188846,0.20368813559322027,0.20103050847457624,0.012420338983050824,0.02440677966101694,0.19278644067796605,0.2176271186440677,0.1769491525423728,0.2257627118644067,0.1715254237288135,0.2338983050847457,0.12,0.2799999999999999,98.28925062603794,9.599884474682437,12.71254141188065,4.267386663918051,85.95608483398175,111.38116765774305,5.371975640969262,13.906748968805365,0.8093117876292283,0.824203446786068,0.8134592341385529,0.6929174903109963,0.9427725231317046,0.4867378232076578,1.1220571624702171
0.25,4,18.06509033494025,0.251864406779661,0.2521016949152542,0.015254237288135589,0.0138305084745763,0.2347457627118644,0.2652542372881356,0.23759322033898297,0.2652542372881356,0.2211864406779661,0.2957627118644068,0.2177966101694915,0.2957627118644068,151.5326135081403,143.66895709039042,18.628956720183183,18.2593733727865,132.14297924059585,169.40089268096222,125.16970431588288,161.68845106145588,11.310605097439291,11.394402881384426,11.405105149412762,10.081786877065204,13.327237992074313,9.927276733355392,13.327237992074313
0.25,10,18.56938741009909,0.2538983050847457,0.25440677966101694,0.011864406779661038,0.0135593220338983,0.2415254237288135,0.2652542372881356,0.2415254237288135,0.2686440677966101,0.2211864406779661,0.2822033898305084,0.2211864406779661,0.285593220338983,163.24868687579163,136.08780800490928,16.858885576548488,16.15536202003637,146.26203334899373,179.9798045020907,120.71865059090653,153.02937463097928,7.153405167142147,7.264693622608118,7.279205027081804,6.318842155977983,8.086334855422963,6.2936886351810575,8.183468006839457
0.25,50,18.260472766926473,0.2536949152542373,0.25355932203389825,0.0135593220338983,0.015254237288135603,0.2415254237288135,0.2686440677966101,0.2381355932203389,0.2686440677966101,0.2177966101694915,0.2889830508474576,0.2076271186440678,0.285593220338983,157.3681851844546,90.44116276112793,17.26387424929706,15.135272568490251,141.6284518350497,176.15620033364382,75.65752105276796,105.92806618974846,3.1990883521307762,3.2462391032879605,3.244530379045805,2.7824709652150927,3.683404572992165,2.6525501419365667,3.6497239335945726
0.25,100,18.293979702277255,0.25413559322033896,0.2542372881355932,0.015254237288135603,0.015525423728813562,0.2381355932203389,0.2686440677966101,0.23759322033898297,0.2686440677966101,0.2245762711864407,0.285593220338983,0.2110169491525423,0.2957627118644068,158.53776340747655,66.06574868018662,19.449247877941716,11.907402785494373,139.06081497702047,177.9593107329039,54.24284133987015,78.05764691085889,2.2620960380375856,2.29940113597025,2.30029903491201,2.02874028686578,2.574017509708512,1.9062503072814303,2.6656739195497647
0.25,200,18.2767857853311,0.25328813559322033,0.2548474576271186,0.015254237288135603,0.01722033898305085,0.2381355932203389,0.2686440677966101,0.23759322033898297,0.2720338983050847,0.2245762711864407,0.285593220338983,0.2042372881355932,0.2957627118644068,157.31483034242842,43.76329839764588,20.274946272776603,10.736983598651278,138.15640671659455,178.70629926214775,33.913304865273176,55.38727206257573,1.5995430844839142,1.6204955729660169,1.6305334742714146,1.4344566201149729,1.814058752616996,1.304612823861446,1.8943153633242733
0.25,500,18.293715673986057,0.25389830508474576,0.25179661016949145,0.0135593220338983,0.020338983050847442,0.2415254237288135,0.2686440677966101,0.2313559322033898,0.2720338983050847,0.2245762711864407,0.285593220338983,0.173728813559322,0.3296610169491525,158.23916858716478,21.244550670467767,15.817669443050136,6.1413922623042065,143.17168379581346,174.80702268191374,14.993209555610562,27.275994080218975,1.0116397345365353,1.0273807638553032,1.0188799505209045,0.9036996666876488,1.1511389141137118,0.7046698711692785,1.3210660901964724
0.3,4,21.6781084019283,0.30183050847457626,0.30207457627118645,0.014237288135593246,0.014562711864406802,0.2857627118644067,0.3142372881355932,0.2857627118644067,0.3148881355932203,0.2735593220338983,0.3467796610169491,0.2694915254237288,0.3467796610169491,222.71178304042806,212.08147967289904,22.147299087121013,22.57098654320106,199.62808591673485,243.92268409097687,189.53483526964828,234.6768083560504,13.57272611692715,13.655062853514558,13.666033586216553,12.3567115292125,15.62609107838627,12.283556424930016,15.62609107838627
0.3,10,22.283264892118904,0.30386440677966103,0.3043525423728814,0.012203389830508504,0.014237288135593246,0.2898305084745762,0.3142372881355932,0.2898305084745762,0.3183050847457627,0.2735593220338983,0.3345762711864407,0.2735593220338983,0.3345762711864407,239.0520962448383,206.5017571320345,19.904292148180787,19.609657679025716,219.39876856491895,259.2073528612805,186.9847357863835,226.20405114443494,8.584086200570574,8.694409990139826,8.70837108383463,7.783918357994044,9.587042044807768,7.783918357994044,9.587042044807768
0.3,50,21.91256732031177,0.30362033898305085,0.30341694915254236,0.012528813559322005,0.014562711864406802,0.2932474576271187,0.3183050847457627,0.2891796610169491,0.3183050847457627,0.2654237288135593,0.3386440677966101,0.2572881355932203,0.3345762711864407,230.60305461015741,147.29899071964374,20.503166419472038,18.36558238155699,211.84081547015694,252.84714830910102,128.86297996442553,165.59414472753951,3.838906022556931,3.885105027059641,3.8825243524163655,3.390933487569521,4.316388467353868,3.286996828946701,4.264539957235503
0.3,100,21.952775642732703,0.30410847457627116,0.30418983050847453,0.014237288135593246,0.016271186440677987,0.2898305084745762,0.3183050847457627,0.2857627118644067,0.3183050847457627,0.2776271186440678,0.3345762711864407,0.2654237288135593,0.3427118644067796,232.1780244562421,112.86244646314361,23.011713459251112,16.272066987124525,209.03389259336242,255.05731951186465,95.99025750651718,128.53439148076623,2.714515245645103,2.7515769550172315,2.752276060808933,2.507848583691022,3.015495883777212,2.3977413503636305,3.088821011650214
0.3,200,21.932142942397313,0.30337627118644067,0.30463728813559315,0.014237288135593246,0.016271186440677987,0.2898305084745762,0.3183050847457627,0.2857627118644067,0.3183050847457627,0.2735593220338983,0.3386440677966101,0.2613559322033898,0.3386440677966101,230.61285880832284,78.26583138693282,24.50730876815868,13.020449082541752,207.09314842171267,256.10776595803003,65.23518515146328,91.27608331654679,1.9194517013806967,1.940965890043935,1.9490813737533355,1.7473305546155218,2.1510322775838326,1.669471348045103,2.1693922630789624
0.3,500,21.952458808783263,0.30370169491525423,0.30272542372881356,0.014237288135593246,0.018630508474576285,0.2898305084745762,0.3183050847457627,0.2851118644067796,0.3223728813559322,0.2735593220338983,0.3345762711864407,0.2369491525423728,0.3711864406779661,231.81861997755342,40.4289435641934,18.714109202845478,8.170943783168013,213.92530400958108,251.35352241527204,31.74012034725321,48.08200791358924,1.2139676814438423,1.228912042796468,1.2249671716215582,1.1008084996482004,1.3485746091753514,0.9611009559947818,1.4874728727662083
0.35,4,25.29112646891635,0.3518983050847456,0.3518983050847456,0.01661016949152541,0.014616949152542358,0.3333898305084745,0.3666101694915253,0.3373762711864406,0.3666101694915253,0.3238983050847457,0.3950847457627118,0.3191525423728813,0.3950847457627118,307.11647975202413,293.66890019439035,26.01313840622592,26.600224171454556,280.0512987934655,332.07757560591733,267.18986215980135,320.39031050271046,15.834847136415007,15.92021359294639,15.920161373172101,14.630530193509964,17.80274599399726,14.547130030278757,17.80274599399726
0.35,10,25.997142374138722,0.3539389830508473,0.35427118644067784,0.011864406779660996,0.011864406779660996,0.3428813559322033,0.3666101694915253,0.3428813559322033,0.3666101694915253,0.3238983050847457,0.3808474576271186,0.3238983050847457,0.385593220338983,328.81428632363946,291.48921017452966,23.357792966863826,23.673945291957182,306.09460132731306,352.8101872610407,268.3763252483696,315.72421583228396,10.014767233999002,10.127210992969447,10.136689604229716,9.216275081862834,10.91290956164288,9.216275081862834,11.04889597362597
0.35,50,25.56466187369706,0.3535118644067795,0.3535118644067796,0.011864406779660996,0.01461694915254233,0.3428813559322033,0.3666101694915253,0.3381355932203389,0.3673694915254236,0.3191525423728813,0.3903389830508474,0.3096610169491525,0.385593220338983,317.3444713926821,218.9186891962125,23.762277193138004,22.538236729582408,295.67111303085125,343.19566741712725,196.29107012406234,241.36754358322716,4.4787236929830865,4.523514538751798,4.523565076897126,4.0773485038910655,4.975296616774754,3.956089068831107,4.914806688303329
0.35,100,25.611571583188166,0.35427118644067784,0.3539389830508473,0.01423728813559319,0.01661016949152544,0.3381355932203389,0.3666101694915253,0.3381355932203389,0.3713559322033898,0.3286440677966101,0.385593220338983,0.3191525423728813,0.3903389830508474,319.3705417302071,174.21330092679673,26.324158593601226,20.644028222068854,292.82673043887604,345.4750476260785,153.21079512920568,194.4988515733434,3.16693445325262,3.205472300457269,3.2024422784314375,2.957134983613168,3.475305539814163,2.883107894466613,3.5180785310734137
0.35,200,25.587500099463536,0.35327457627118636,0.354793220338983,0.01661016949152544,0.01661016949152544,0.3381355932203389,0.3713559322033898,0.3381355932203389,0.3713559322033898,0.3238983050847457,0.385593220338983,0.3144067796610169,0.385593220338983,317.4395563440212,125.96204488096255,28.481627077175034,17.59640218220173,290.25807482403354,347.2213289783836,108.18205787829896,143.37486224270242,2.2393603182774795,2.2602227524010896,2.2699762100666963,2.0688653592752546,2.449248464215825,2.008345882375919,2.470153853105425
0.35,500,25.611201943580475,0.3538915254237287,0.35284745762711867,0.011864406779660996,0.016989830508474607,0.3428813559322033,0.3666101694915253,0.3373762711864406,0.3713559322033898,0.3238983050847457,0.385593220338983,0.2954237288135592,0.4140677966101694,318.9511911385955,68.91242876993138,22.123889286276295,9.831203886226927,297.6310923267038,341.8788708992564,57.78235875263517,77.44476652508902,1.4162956283511492,1.432011869393956,1.4277865353421544,1.3033736324830918,1.5542083261772668,1.1982825223883438,1.6593133461953635
0.4,4,28.9041445359044,0.4018440677966101,0.4019525423728813,0.013559322033898286,0.013993220338983009,0.3864406779661017,0.4135593220338983,0.3864406779661017,0.4144271186440677,0.3701694915254237,0.4461016949152542,0.3701694915254237,0.4461016949152542,404.6982181960738,388.464755831047,29.76525599703615,30.63647753770664,373.8882224280797,433.418734422152,357.9500125262678,419.2229676016811,18.09696815590287,18.179847595958105,18.18473190536918,16.87250769311142,20.10159908030922,16.860781400157343,20.10159908030922
0.4,10,29.711019856158547,0.4035796610169491,0.4040677966101694,0.01084745762711864,0.013559322033898258,0.391864406779661,0.4135593220338983,0.391864406779661,0.4189830508474575,0.3701694915254237,0.4352542372881355,0.375593220338983,0.4352542372881355,432.49296308473254,390.9406583044127,27.545538994536315,27.061421729295063,405.2631612966062,460.35423928567883,365.0538819421237,419.17672540071385,11.445448267427432,11.547656513296339,11.561602745512396,10.574981815062005,12.47189664187758,10.687213805027756,12.47189664187758
0.4,50,29.216756427082363,0.4035254237288135,0.4033084745762712,0.013559322033898258,0.013993220338983009,0.391864406779661,0.4189830508474575,0.3909966101694915,0.4189830508474575,0.3647457627118644,0.4406779661016948,0.3647457627118644,0.4352542372881355,417.54727953125905,305.2021922020575,27.238707944799415,26.939258592890553,393.0708006310576,447.5482165206564,277.4652828047781,331.3437999905592,5.118541363409241,5.1635213105072895,5.160762715028608,4.659826861589789,5.616921929489518,4.659826861589789,5.547790582665032
0.4,100,29.270367523643618,0.40433898305084737,0.4041762711864406,0.013559322033898258,0.016271186440677904,0.391864406779661,0.4189830508474575,0.3864406779661017,0.4189830508474575,0.375593220338983,0.4352542372881355,0.3701694915254237,0.4406779661016948,420.07506062306106,250.325039552493,29.354932834473942,24.850008268978712,390.4931765317513,449.2030422006992,225.5941773357789,275.29419387373633,3.6193536608601375,3.658493961606834,3.6569948720893812,3.3929724344864653,3.922894341205613,3.343976442652726,3.971777759787614
0.4,200,29.242857256529764,0.40330847457627117,0.4044474576271187,0.016271186440677904,0.016271186440677904,0.3864406779661017,0.4189830508474575,0.3864406779661017,0.4189830508474575,0.375593220338983,0.4352542372881355,0.3647457627118644,0.4352542372881355,417.7505182459308,187.66355208573975,31.80457553507884,21.681407956692837,387.72726684245515,451.33641791261283,166.92561333376702,210.2884292471527,2.5592689351742632,2.5803489978764786,2.587667797829431,2.3990610340941734,2.773910143010235,2.32989775680484,2.7882879537471346
0.4,500,29.26994507837769,0.4042305084745763,0.40292881355932203,0.013559322033898258,0.016271186440677904,0.391864406779661,0.4189830508474575,0.3864406779661017,0.4189830508474575,0.375593220338983,0.4352542372881355,0.3484745762711864,0.4569491525423728,419.5925898757554,108.18252450544597,25.24179233006734,12.707832988366803,394.8411517495093,445.324736409644,94.548347610828,119.96401358756161,1.6186235752584563,1.635710537393824,1.6304439769616033,1.5113950651923242,1.754376695218998,1.4134646391454015,1.831153819624519
0.45,4,32.51716260289245,0.4517694915254237,0.45201355932203385,0.015254237288135603,0.015254237288135603,0.4347457627118644,0.4652542372881356,0.4347457627118644,0.4652542372881356,0.422542372881356,0.4957627118644068,0.4164406779661017,0.4957627118644068,515.4318522807024,496.48781464615587,33.34356086364065,34.50397494089924,480.9842390711386,547.6713607984199,462.2069805507398,531.2149304325383,20.35908917539073,20.438594854102757,20.449612256118545,19.086296060921168,22.339353081270698,18.98157115475035,22.339353081270698
0.45,10,33.42489733817836,0.45390508474576274,0.45396610169491525,0.012203389830508504,0.012203389830508504,0.4408474576271186,0.4652542372881356,0.4408474576271186,0.4652542372881356,0.422542372881356,0.4835593220338983,0.422542372881356,0.4835593220338983,550.0572709861359,504.7558288801965,31.447051229743238,30.141212058626138,518.940822421336,581.8349248808224,475.2575335328679,535.5399576501202,12.876129300855863,12.987617648259624,12.989358338043381,12.023115530656227,13.856044049562591,12.023115530656227,13.856044049562591
0.45,50,32.86885098046765,0.4534169491525424,0.4532338983050847,0.012203389830508504,0.012691525423728839,0.4408474576271186,0.4652542372881356,0.4398711864406779,0.4652542372881356,0.4164406779661017,0.4896610169491525,0.4103389830508475,0.4896610169491525,531.181705914738,406.0435916614608,30.877471623960787,30.449073673241173,503.67511010507656,565.4300533529981,375.4983025055253,436.39644985200766,5.758359033835397,5.801959300421483,5.7996439630337075,5.320257713255629,6.241264405498161,5.242305219288514,6.241264405498161
0.45,100,32.92916346409906,0.4544542372881356,0.4539050847457628,0.015254237288135603,0.015742372881355937,0.4408474576271186,0.4713559322033898,0.4398711864406779,0.4713559322033898,0.4286440677966102,0.4835593220338983,0.422542372881356,0.4896610169491525,534.2566831253827,341.24316341108226,33.09596212573652,28.343248268625473,500.98461668626607,567.1765409377391,313.6850137394393,370.37151027669023,4.0717728684676535,4.111948484123225,4.106969937339949,3.856933663516093,4.358262287951563,3.8170939887972746,4.413256133856315
0.45,200,32.89821441359597,0.4535389830508474,0.45439322033898305,0.015254237288135603,0.015254237288135603,0.4408474576271186,0.4713559322033898,0.4408474576271186,0.4713559322033898,0.422542372881356,0.4896610169491525,0.4164406779661017,0.4835593220338983,531.5174030769646,263.80008044493263,35.15302219032989,26.374895125072385,498.3442764797714,568.6503208604312,239.05786252236936,291.80765277251413,2.879177552071045,2.901724524204237,2.90722163161042,2.699086945963971,3.1102764013712174,2.660110961184708,3.097735799081221
0.45,500,32.9286882131749,0.45366101694915245,0.4534779661016949,0.012203389830508504,0.013179661016949173,0.4408474576271186,0.4652542372881356,0.4398711864406779,0.46623050847457626,0.422542372881356,0.4835593220338983,0.4042372881355932,0.501864406779661,533.7130148262545,159.43302319748992,28.240804887294075,16.061160850380688,505.5882263089927,562.0698360835809,142.19805565447038,174.32037735523176,1.8209515221657633,1.835731132840726,1.834994987570715,1.7003194483413653,1.9591805563975588,1.6396464807207118,2.011144829342805
0.5,4,36.130180669880495,0.5019661016949152,0.5019661016949152,0.016949152542372864,0.016949152542372864,0.4830508474576271,0.5169491525423728,0.4830508474576271,0.5169491525423728,0.4694915254237288,0.5440677966101695,0.4694915254237288,0.5440677966101695,639.2910892149747,617.7410107920983,37.068642372499994,38.208437183382614,601.1559495311504,675.2932342761504,579.8677348621336,656.2846092288988,22.621210194878582,22.709573305626904,22.70964366972114,21.39965490380889,24.516007996881687,21.38032298485656,24.516007996881687
0.5,10,37.13877482019818,0.5035254237288135,0.5041355932203389,0.013559322033898313,0.013559322033898313,0.4898305084745762,0.5169491525423728,0.4898305084745762,0.5169491525423728,0.4694915254237288,0.5305084745762711,0.4762711864406779,0.5372881355932203,681.4868422387653,632.83974978144,34.914743357154464,33.377885613015735,647.2709568210512,717.1004435353601,600.066000412721,666.8217716387525,14.306810334284293,14.40739780466642,14.424878181609609,13.41240825445135,15.201338196681004,13.551927252765342,15.39560449951399
0.5,50,36.520945533852945,0.503457627118644,0.5032542372881356,0.013559322033898313,0.013559322033898313,0.4898305084745762,0.5169491525423728,0.4898305084745762,0.5169491525423728,0.4694915254237288,0.5372881355932203,0.4627118644067796,0.5372881355932203,658.2293363260164,521.335409355977,34.604360781436526,33.83209244509055,627.5797534163611,696.7884749792341,488.27533671967933,555.9395216098604,6.3981767042615525,6.442305057875772,6.439711556875291,5.998011341358604,6.848324044800682,5.91139745917292,6.848324044800682
0.5,100,36.58795940455452,0.5043389830508473,0.503728813559322,0.013559322033898313,0.013559322033898313,0.4898305084745762,0.5169491525423728,0.4898305084745762,0.5169491525423728,0.4762711864406779,0.5372881355932203,0.4694915254237288,0.5372881355932203,661.9002602279387,446.936518396624,36.30312498367249,33.52109544020428,625.1989188970003,697.8051688643453,414.61890377420247,481.661094654611,4.524192076075171,4.563335562583692,4.557794203655458,4.3022310867959535,4.842513653279514,4.2412155431080825,4.842513653279514
0.5,200,36.5535715706622,0.5033898305084745,0.5041355932203389,0.013559322033898313,0.013559322033898313,0.4898305084745762,0.5169491525423728,0.4898305084745762,0.5169491525423728,0.4762711864406779,0.5372881355932203,0.4694915254237288,0.5305084745762711,658.719169249045,354.5754653899813,39.273548239294826,31.128311330806326,620.8577231796482,699.4048196582379,325.35411787734074,387.6107405389534,3.1990861689678285,3.2206841338374317,3.225484978363318,3.0421306434136404,3.412798958929304,2.998985495515523,3.400326926057628
0.5,500,36.58743134797211,0.5037966101694914,0.5033898305084746,0.013559322033898313,0.013559322033898313,0.4898305084745762,0.5169491525423728,0.4898305084745762,0.5169491525423728,0.4762711864406779,0.5372881355932203,0.4559322033898305,0.5508474576271186,661.2958470831119,223.5735744385563,31.596298402302125,18.703096381863062,629.4408580182364,692.6334548228407,203.79318151843182,241.19937428215795,2.0232794690730707,2.0386051402305947,2.036962808931652,1.916525330862108,2.165644129222829,1.849328735068644,2.2074369116393497
