i,logB,maxloglikelihood,SNR_comb_signal,SNR_comb_median,SNR_comb_global,run_time,duration,width_median,width_plus,width_minus,width_global,amplitude_median,amplitude_plus,amplitude_minus,amplitude_global,phase_median,phase_plus,phase_minus,phase_global,spacing_median,spacing_plus,spacing_minus,spacing_global,fmin_median,fmax_median,duration_median
0.0,-6.490672921329236,5.687297586972728,0.0,2.303042195805583,8.19086256656056,2480.0,4.0,0.5358851184071608,0.6519949937059465,0.2302227993348569,0.9431230238505224,0.008428949417649101,0.011181353449956698,0.005965954239379519,0.024180104948036515,3.3032777869859653,2.963487373425528,2.376869073455797,3.339620267942258,7.72802781170827,1.6119647625905449,2.7369350153582985,8.425642731012701,50.0,339.0,4.0
1.0,-6.344426399914675,5.327008468632175,0.0,2.608389062039525,7.343851070661203,2367.0,4.0,0.5404963238466327,0.6549487465910204,0.2336900717034518,0.3976947778912013,0.009526404341455949,0.010375049066170691,0.006573014925209034,0.02410531263021115,3.1766546687264743,3.107787519339407,2.226125730544207,3.6925716533429127,7.670253068008455,1.6795072314602155,2.878105408152691,4.655792741586223,50.0,339.0,4.0
2.0,-5.76468696710965,7.890103746731272,0.0,4.201978291443358,8.911830931350346,2839.0,4.0,0.537551095568938,0.7471522230163421,0.22860935937680404,0.2658389925576487,0.015339635983070764,0.014010960903905606,0.0098173897629318,0.04838132193066957,3.1141301473559055,3.5549756070680045,2.072564257359432,2.9503141958951855,7.7645195603209425,1.752458700336546,2.8582047294758093,7.755651422905525,50.0,339.0,4.0
3.0,-6.207264547525932,7.422560430751169,0.0,2.9678070834266053,8.637393469878475,2830.0,4.0,0.5511654009190554,0.6480935129190406,0.2405958864163214,0.4045135132254643,0.01044253342398972,0.010454340601098426,0.007208533599398547,0.032179343738199744,3.2212568763369505,2.8900013576380537,2.209406802255806,0.9290986241114335,7.4075701629134745,1.8763568581265861,2.627517710673313,6.251696200496001,50.0,339.0,4.0
4.0,-5.892675712090371,7.935440006806588,0.0,4.413870585852737,8.317273322108148,2678.0,4.0,0.5858088478618229,0.6516995185628189,0.2711182577154345,0.25585779142486403,0.01554349976915037,0.012267387023736386,0.01031507109124852,0.04355555068126748,2.962753873135906,2.5730903625795287,1.899222580955114,1.029676430939141,7.870515014588122,1.5586297528658921,3.07383173063846,7.0377754234560195,50.0,339.0,4.0
5.0,-5.724657056806448,11.139305188152555,0.0,5.079506495823021,9.820820153127768,3195.0,4.0,0.5372457343235203,0.6133321919511882,0.23008548271650014,0.2732884969614965,0.018491813321165916,0.014042344852042567,0.012520952338865046,0.043432863945288634,3.963050189686043,3.5174013372617594,2.9967252388888554,1.0611596647158754,7.746433882615076,1.3718312991719763,2.3890044269670287,5.368091708744336,50.0,339.0,4.0
6.0,-5.959298858550958,7.5312470251500825,0.0,4.024458308448183,8.931254756995104,2961.0,4.0,0.5987084030047376,0.656253048191149,0.2783272857108286,0.42133238334123657,0.013829326210951232,0.011299776235592935,0.009259022015160493,0.02922050435672975,3.2258683343549337,3.078027673164058,2.3369487288497885,3.216421627052273,7.5359567052806895,1.7032919592062719,2.7890489783343693,4.8169969527616825,50.0,339.0,4.0
7.0,-5.21234356683223,10.17412814175598,0.0,5.856465498808405,10.007581272501454,2926.0,4.0,0.61890697579302,0.6382221935098459,0.2891632844301649,0.8222689861453326,0.020569606291209172,0.011785479610832074,0.013310973629978656,0.03126819973780717,4.58986667287994,3.418491602622047,3.285691335604577,8.094474127999305,8.313484926339392,0.7804004168001804,2.9774719952280186,8.325446511755082,50.0,339.0,4.0
8.0,-6.187546523546728,8.642241491511484,0.0,3.1096310899229906,10.330994327942452,3147.0,4.0,0.544695653812699,0.6597593922068552,0.23479547813482288,0.2574464555494798,0.011100181102853438,0.01200070990011946,0.007656001189123871,0.04141577495711747,3.2438421491037435,3.0686939498563754,2.1411497366721637,3.0712021711005404,7.469621859244654,1.7136880127055303,3.1578833863705196,4.089326308786425,50.0,339.0,4.0
9.0,-6.072392045057178,8.28033338125962,0.0,3.366977351697151,8.674759704087442,3094.0,4.0,0.6007019455885756,0.642543539798301,0.28202971851182135,0.28831685424799963,0.01172238790624078,0.012348912969064535,0.008151246562072523,0.046780028318586964,3.4370207763723375,3.4644875929387373,2.4548402636472835,8.11379342910845,7.947645114506849,1.3069801048865868,2.9976943061344636,8.29588734129838,50.0,339.0,4.0
10.0,-6.134943301405979,6.341929074975749,0.0,3.39001113150925,8.874799780580233,2600.0,4.0,0.5617020987119522,0.6398012926511308,0.25563057538108824,0.25041615582369525,0.011717554179333577,0.011496225615946546,0.008492025344351116,0.04231336285175162,3.117221187978995,2.973202964425675,2.055921282343652,1.3647711202243467,7.204717724820898,2.0632444809448716,2.6471091324072358,5.547212616323656,50.0,339.0,4.0
11.0,-6.456803476735661,6.099086959020912,0.0,2.5481575328177986,7.558442288922488,2575.0,4.0,0.5320326243391464,0.6465823789733247,0.2272511954960112,0.2511058049508699,0.009275162962163828,0.010603701319126194,0.006460056656375715,0.04573763299949582,3.4104123282160392,3.0739308285198454,2.4374757471633934,3.956313511529184,7.563462733447672,1.7591907054997815,2.7659254691297512,8.834611722129136,50.0,339.0,4.0
12.0,-6.2028849483450434,7.104335450114656,0.0,3.0429598608967923,8.319421861725418,2773.0,4.0,0.5298246769508715,0.6578950843719807,0.2239537874160994,0.264979964097975,0.011053602177710856,0.01194647123640502,0.007722224014096581,0.0458324929170608,3.4667622428872553,2.764739370123513,2.396190137349344,5.081169792816562,7.7866622160701535,1.6493334502467807,2.9277009411984487,8.040651145888186,50.0,339.0,4.0
13.0,-4.767545992420698,10.305590719204805,0.0,8.346107184903639,11.132351689877991,2972.0,4.0,0.8075297937072119,0.6003487717404792,0.4260628160270423,0.8981116333274545,0.024847001226323724,0.00919538814960192,0.012813756689834446,0.031569205569088786,4.059642017743497,0.62248156717457,1.8212079687060614,4.199225901746027,7.594774055289931,0.5377720484440536,1.904162462399312,7.596194119023689,50.0,339.0,4.0
14.0,-5.982514004153405,8.08425021760089,0.0,3.8290650014655614,9.36901551376589,2768.0,4.0,0.5398053622315158,0.6841078522926307,0.22380749308703096,0.2654287343748109,0.013822619791973188,0.01245595882378611,0.009570382389703196,0.0502325779243762,3.21118021341944,2.9431627864169556,2.303624656363345,4.275315218901094,7.561159959524469,1.6728213842540018,2.928195568396644,7.535403683262513,50.0,339.0,4.0
15.0,-5.898885847467673,6.608148953494698,0.0,3.9886180702405514,8.896302348349096,2596.0,4.0,0.5619608939510902,0.7035133137472814,0.251968170955251,0.28734194648390576,0.014283521547060717,0.012872467103488942,0.009826818941331694,0.04130196874823795,3.443019653441803,2.8406268676643625,2.3230865224110326,1.6155189189662642,7.816912867762332,1.6866777231473602,2.746188297645168,6.2777884638184,50.0,339.0,4.0
16.0,-5.800606111557097,10.131408830691825,0.0,3.7909211872962274,10.296252760458044,3180.0,4.0,0.5396885104536812,0.6265629889110059,0.23264756691094673,0.2801031627797041,0.013858375728626735,0.01424907493212546,0.009723322690045492,0.04294003812231977,3.158512035928347,2.853196457556843,2.4027054923886313,0.7635969381992013,7.726948727642658,1.6848955743551732,2.795397731761904,4.930905779862317,50.0,339.0,4.0
17.0,-6.120981866101673,8.311542676802008,0.0,3.317297703850925,8.320889801688246,2640.0,4.0,0.5211714135499839,0.6424732664510844,0.2139009451574458,0.269006677246747,0.012510453462749593,0.01569832590295764,0.00902895419976252,0.05073220874290117,3.7808973387511773,4.418539995038014,2.721064139153346,8.206162473255436,8.096498212231676,1.8120917245123795,3.0451937805674874,9.992954048829414,50.0,339.0,4.0
18.0,-4.734204600500453,10.506654104995437,0.0,7.391340805653024,9.661877162339346,3207.0,4.0,0.6152730178581871,0.7024275823214201,0.29343869593540006,0.29931671212811706,0.02205783698284822,0.011928071613746791,0.010355033203152026,0.04240007548854857,4.081487793414262,1.2099728869012933,2.8540938433095473,4.372575080770895,5.889205596819754,3.0913485178845006,1.9674330504687139,5.883296882593623,50.0,339.0,4.0
19.0,-5.790869484934903,9.313327544210933,0.0,3.98866512204915,9.946646614335002,2933.0,4.0,0.5909914480232697,0.7045057467856429,0.27778694646036756,0.30979961199238765,0.013823416075166378,0.011572647962645906,0.00912771311524284,0.040434611600369944,3.573138016038495,2.270837133059037,2.528076302122311,3.445304671540476,7.738179493452143,1.4981263591824048,2.845684693621311,5.289489260733219,50.0,339.0,4.0
20.0,-6.14766186205442,6.676018907795217,0.0,3.4176468715108337,7.255299180869943,2574.0,4.0,0.5892736845552644,0.6945019143174593,0.2714021311039302,0.27049706690641656,0.011497092573559613,0.012463640883781452,0.007872008476485382,0.04114794114199031,3.8537057231926286,2.5509819595373444,2.790731979171304,5.022560376745572,7.220650584216626,1.954932806689344,2.2232574930990108,8.639115644206402,50.0,339.0,4.0
21.0,-5.4067565413453496,10.527235227262775,0.0,5.514017973679631,10.59615360855478,2989.0,4.0,0.531883821317632,0.7016950459474265,0.22169261214624386,0.29392721427958474,0.01924801278429799,0.013899316807554823,0.01154075019929299,0.0404254644927048,3.47618834744463,2.5092405442600345,2.613113842233194,4.165929402590108,7.047973969022978,2.03190868904459,2.644249028875783,4.40652483106617,50.0,339.0,4.0
22.0,-5.899526766346818,7.252813520851248,0.0,3.989344066950496,8.113481560058473,2716.0,4.0,0.5756912502694109,0.6638190862682039,0.2564963016540205,0.268036207003623,0.01417562262683576,0.012299416329340427,0.009607669432306712,0.04174668951075734,3.680485106349592,2.464287535457259,2.603773632527946,1.623802145265224,7.815063752704818,1.5405307522964868,2.7597960170008253,7.065212779791009,50.0,339.0,4.0
23.0,-5.6181923413104595,7.594543523488987,0.0,4.706460022382695,9.044204914661876,2874.0,4.0,0.5540656507705986,0.6928665462060801,0.23599400178723062,0.3280413710835165,0.01656063832607487,0.012032062924749176,0.010366814596983678,0.04439015597376518,3.1314322301271065,3.0724355332114315,2.4633751057608686,0.012013204523861551,7.409412903216669,1.917088793218877,2.8517971489208573,8.475048585926597,50.0,339.0,4.0
24.0,-6.027986161709549,7.49520003001671,0.0,3.1733382930237424,8.238901011070316,2722.0,4.0,0.5616457402116912,0.6554364170652298,0.246534020988535,0.2649396377760416,0.0111318239865191,0.011977599386992542,0.007711499861407961,0.044495794137281705,3.288396921943406,2.857834876127496,2.288070760951157,5.9842978637017366,7.415232162443571,1.8406560921858208,2.6889560888762993,7.741339953863991,50.0,339.0,4.0
25.0,-5.443093063942015,9.192750664050868,0.0,5.611260989545578,13.09137919982344,3231.0,4.0,0.6400577619868858,0.6842206877100193,0.308188317569068,0.3466763726421614,0.018657720222509458,0.010114256927422204,0.011397842015471307,0.02809311840261949,3.005310292112773,3.5383168765378503,2.1606493977133416,1.1242146976167888,7.50835410422372,1.508645061861566,2.977048589195994,1.6896402754776458,50.0,339.0,4.0
26.0,-6.013580362047203,8.50797228478204,0.0,3.2868846774765443,7.989795785978273,3186.0,4.0,0.5253102539442795,0.6167931117479002,0.2195244103034537,0.27975596446649714,0.01219241779183305,0.015160970659322091,0.008883228191654179,0.04659818961845516,3.6150769105149108,3.747131501435086,2.6306405856531674,8.118983013910752,7.987214322819554,1.5625061143241332,3.0049472495208116,9.557045362070976,50.0,339.0,4.0
27.0,-6.4146808598415905,7.772311951040792,0.0,2.810100207770517,8.47568207598642,3061.0,4.0,0.5021863687338303,0.6657792043937972,0.19794606567154754,0.2821615483841344,0.010780564038005008,0.01654153503512595,0.007812424578368716,0.049949446304660305,3.8202215287732386,3.831679915262235,2.7249220107821994,8.54346669695976,8.107303033518134,1.5554743769905954,3.07911721837024,9.960038054743753,50.0,339.0,4.0
28.0,-6.3266266259079575,5.772848398290131,0.0,2.559601093736689,7.708051815466573,2472.0,4.0,0.5517369198257241,0.7131020851342581,0.24397082706195133,0.4267770695696067,0.009166279169578163,0.011586976159597941,0.006379809167511353,0.03482758711954971,3.2646796597122503,2.8877296634906457,2.285740635614671,3.652540690024262,7.596244344881025,1.7878824920247611,2.733247575203518,9.425966069362712,50.0,339.0,4.0
29.0,-5.927519229749231,8.351311144283695,0.0,4.335901974174562,8.519992444741835,2926.0,4.0,0.5742388818904789,0.6628797183361232,0.2586475597312005,0.3278065781419264,0.015344476994717481,0.012974820752416186,0.010385405703656536,0.0424538493161635,3.658406270339312,3.3412670935267936,2.502573485671265,7.545676888842735,7.813934866529933,1.5337694367040227,2.8555498568560544,8.574673778143895,50.0,339.0,4.0
30.0,-6.097289125648295,7.794701456772124,0.0,3.152808358570061,7.849344422285977,2831.0,4.0,0.5380778372581032,0.6466697654083555,0.22611908615670767,0.2736594485027935,0.01153456334180689,0.011628426240845452,0.00799998991337019,0.042008389651921926,3.4706690787261496,2.9462755623493835,2.3464047701227173,3.7656035063591315,7.732543023479142,1.48233281302163,2.9323378216761187,7.9812529419703235,50.0,339.0,4.0
31.0,-6.3530045861100115,7.6711698988674835,0.0,2.8379852455150942,8.340883912877816,2879.0,4.0,0.5590298762839303,0.6456304682744538,0.24638220045160636,0.2582299846903592,0.01020784963577097,0.012044583281920459,0.007268665975493623,0.04237277787079188,3.2761591096236957,2.6038203671859383,2.337590869303952,0.6689042642442671,7.649501166315574,1.6388205578115347,2.7511143163439984,6.638085580129183,50.0,339.0,4.0
32.0,-6.523888680903267,5.379794182571977,0.0,2.196176355867287,8.10448197024293,2496.0,4.0,0.5425268836007725,0.6755212723037992,0.23337263253112667,0.2817907004965921,0.007930650532613631,0.009932749638645405,0.0055277669383562884,0.03779389356572126,3.287706840363795,3.166410338823621,2.249359400681212,3.885146418970473,7.582445484686795,1.7852214339912384,2.8123689704729617,6.195223385531772,50.0,339.0,4.0
33.0,-6.199522081418549,7.361157493581449,0.0,3.2983720900149116,8.211467585497553,2762.0,4.0,0.5519107736679543,0.6561419402331721,0.23966496147503902,0.2538184417871673,0.011773113286964948,0.012228623567505205,0.008491268699169783,0.051102547601466194,3.5262372001596596,2.9543300178060985,2.443515265134195,7.49714843662415,7.802857259355181,1.718240295684251,2.8585561900996614,9.513542775752539,50.0,339.0,4.0
34.0,-5.299236688308671,9.6470102157844,0.0,6.222299493974412,8.79430017343977,2955.0,4.0,0.6664811924946299,0.8184527363244216,0.34035441056266275,0.2511948304368267,0.022047405623345333,0.011702901204377517,0.01336670559203345,0.05593850240719586,5.567918317744556,2.904242522982149,4.181090626588764,6.180840040369908,8.841837345329349,0.805385717623567,3.1652962452131765,9.990501963622783,50.0,339.0,4.0
35.0,-6.2464988476036325,8.145680240236127,0.0,3.159475427775556,10.034596837064058,2930.0,4.0,0.5333933698607769,0.6612178547166745,0.22437183354871876,0.315758906943782,0.011307310465117605,0.011202646028005515,0.0077447438431571605,0.034453795841191896,3.1423560433414863,3.502690401453221,2.1062067401598314,2.15992236133867,7.428697345943409,1.9959090346381814,2.9507234800022726,3.866562178604528,50.0,339.0,4.0
36.0,-5.7903211981057,8.15493273153795,0.0,4.217013748465743,8.098421318783217,2855.0,4.0,0.5556903141942556,0.7316203851811777,0.24083041825276574,0.2832606982466552,0.01520789677689285,0.012212261692104813,0.009610978772550644,0.04412012775382893,3.1977279846509834,3.395914327970597,2.24130541678739,2.6633853657720397,7.678385599412646,1.5778237063666793,3.055873534358785,8.572271112216333,50.0,339.0,4.0
37.0,-5.912371193073222,7.573402491710732,0.0,4.047582348539132,8.629780884940066,2942.0,4.0,0.6071536921282064,0.7115176348037959,0.2829788325251298,0.4053413692076221,0.013968107458619474,0.012040793796798776,0.009029222916146662,0.036694107990548085,2.90879391797928,3.4204590142915463,1.8865040248129359,2.201198393334215,7.7593460934325975,1.4822042046315627,2.7615609235397365,7.767635035672408,50.0,339.0,4.0
38.0,-5.956610926661879,8.375817727901016,0.0,3.8018144588853935,8.779492474643414,2933.0,4.0,0.552505505923501,0.7131607726730261,0.24353350374878896,0.2806918230538769,0.013720525503568472,0.013131642944943324,0.009570967715523342,0.04277570801808882,3.070533579816926,3.300392783446611,1.9117401837730015,2.9111282839657067,7.76631346068757,1.5745135560848489,2.614272844944626,6.845976349577843,50.0,339.0,4.0
39.0,-5.95354424625648,7.305244059037012,0.0,3.867018430519852,7.558633247326595,2831.0,4.0,0.5731106441089306,0.7307548237545229,0.2581914027927136,0.31345908672333495,0.013766442967866404,0.011481210510156393,0.009570290508813858,0.039386084963302606,3.161017098752038,3.571316450374879,2.194355041275767,8.58475815996411,7.958389042684619,1.233799984769849,3.117506035555526,8.88189620289614,50.0,339.0,4.0
40.0,-6.173145669262184,7.653810617457539,0.0,3.1378017846834294,8.228765655452083,2929.0,4.0,0.549787988446539,0.6788016230981203,0.24183086956200178,0.2519626457276032,0.011072352057159666,0.011789852680262131,0.00773608317349874,0.04341448418546979,3.18145236873331,3.015651096650113,2.121553369893272,1.5846391136307194,7.384891272789629,1.9522197000215122,2.3587202860033667,6.816306875735486,50.0,339.0,4.0
41.0,-5.348913156709385,10.586454434448207,0.0,5.667783760725396,9.121168847636465,3186.0,4.0,0.5060446026073657,0.594167694064492,0.2004490735324579,0.2733497548761635,0.022015683261317268,0.016411729906392905,0.014289745324671126,0.05005193095768177,2.647130874652377,2.9968805793977644,1.351787896824644,2.541587812045019,8.274220071741123,0.5708198259487354,2.585120184434891,8.278167743431647,50.0,339.0,4.0
42.0,-6.4940002925116165,4.768464056450707,0.0,1.9997801409423277,6.803282060885934,2210.0,4.0,0.5536835561998877,0.6702209282346839,0.24410497499252254,0.3352481086509054,0.007221981983226942,0.008903029691927435,0.004986267104378057,0.033082240406366245,3.349044350727918,3.1820850223873007,2.372480037855357,6.361186501473911,7.679929378431265,1.6069406449051202,2.6656612478856214,8.297656120924941,50.0,339.0,4.0
43.0,-4.537736544012067,13.247241749856027,0.0,8.144307799551218,9.794871701200977,3255.0,4.0,0.3690943059899781,0.4473002202717365,0.09137039127794278,0.25157747357609433,0.03636421898580858,0.0128499930351657,0.020777703606164825,0.05509474660416745,2.2098409336360283,2.3960646135720745,0.13141240062864368,2.1826217952002533,8.023377530531619,0.1620337994089489,1.394506820768238,8.024019966044534,50.0,339.0,4.0
44.0,-5.72688045832727,8.191489565182701,0.0,4.632563115765228,8.10628186142053,2904.0,4.0,0.5389323756837018,0.6923087762955579,0.23334334734859097,0.2535315983831958,0.016902459350850163,0.014721076269092595,0.01095485073165255,0.04863807915532781,3.9700836120538283,4.060121696135216,2.761173121082625,8.495495578568828,7.964989916610695,1.1967568807930808,2.8175667465830836,9.150952273826443,50.0,339.0,4.0
45.0,-5.117029361643473,9.37514591922452,0.0,6.028544128451857,9.86389370722136,3062.0,4.0,0.6795894984135031,0.6829055261934649,0.34757526250433013,0.9764903964634924,0.019993103620672855,0.012197032312007753,0.011492359177203378,0.030481916824384656,2.0193826201458362,3.2069054459835185,0.8074692550211875,1.818585012695022,8.182928260699379,1.599360722578096,3.5219634146103926,9.780618150612186,50.0,339.0,4.0
46.0,-6.352701879386915,6.10777637153982,0.0,2.652726302120978,7.954043780171463,2566.0,4.0,0.5353067911677303,0.6500925979317536,0.22534191315121477,0.42126311179362896,0.009752197782695954,0.011283043813307695,0.006939037359869069,0.03108880337864141,3.496635773624894,2.9167052573115053,2.4445177940478935,2.655992032203041,7.6845342084396995,1.7754819499870065,2.8641473347916833,6.978828498617063,50.0,339.0,4.0
47.0,-5.823677433315099,7.480430256636778,0.0,4.055315517078644,8.899695537414638,2874.0,4.0,0.6189407697559751,0.7263514871364364,0.29809826315099847,0.25794847029250434,0.013526846837764337,0.010276562487957193,0.009210514432927672,0.04808316480507827,3.2477917808705166,3.037597367100753,2.3911543609384402,6.673164120827362,7.4433804859493184,1.746737076756152,2.8836050323750966,7.490868910550373,50.0,339.0,4.0
48.0,-5.905985437739985,9.855225545944116,0.0,4.113790554161118,8.547706334681669,3040.0,4.0,0.6031428337781867,0.6809553444711406,0.2862129454259209,0.2620884902258787,0.014421749327063624,0.012882483498525322,0.009892589677164602,0.04873275549522494,3.2590282898155425,2.824865670498172,2.0662136958952373,4.421959212108769,8.065370562830765,1.2487649116891752,3.1224718863274807,8.566766843078291,50.0,339.0,4.0
49.0,-5.5410465981030885,7.975320456703962,0.0,4.906066677376193,8.353095616301234,2691.0,4.0,0.5838568306887163,0.7193522523986863,0.2610490658615316,0.3776567711674612,0.01684489638138028,0.012220551394898343,0.010696822008395477,0.039081521016277175,3.719512283262464,2.4683605727196314,2.6692923534270303,5.047404454609503,7.333945088734568,1.8203601732364856,2.466156900985707,8.638663900812015,50.0,339.0,4.0
50.0,-6.45432236414281,7.378432834012115,0.0,2.6595854466245905,8.72961502216597,2899.0,4.0,0.5370166316498095,0.6384572842708851,0.22505374090649105,0.3280011660212938,0.009653498846674883,0.010921858662917602,0.006929526458630488,0.04364612036142709,3.2460202858208156,2.989802723044143,2.2745613339755693,0.9473520706698397,7.627495505386108,1.6529127857023198,2.8029600973650908,8.587478439627928,50.0,339.0,4.0
51.0,-6.247389193238656,8.951397678081952,0.0,3.2415302840393907,9.18321399639371,3016.0,4.0,0.50045118803806,0.5980303739066817,0.19328412890449104,0.2526187413118163,0.011815841985418761,0.01474828131125299,0.00842805461940685,0.04476424037813098,3.0848129308183996,3.020848856984248,2.0572259904918706,1.337042144561875,7.256035573821793,1.937740342406438,2.1644725407863987,5.8453780112805,50.0,339.0,4.0
52.0,-5.328283934942688,8.768287574802368,0.0,4.916635189112539,9.439299084307875,2924.0,4.0,0.5997445473360844,0.7371933405503687,0.27895572838049976,0.27075034154145833,0.01716073131266923,0.011047999980168456,0.010641143545028979,0.03895648001932982,3.447725774588294,2.68874366855752,2.4542031710530106,1.8054093931907436,7.673743660205822,1.6707160983935285,3.123184127318657,4.563452686309775,50.0,339.0,4.0
53.0,-6.093846710424329,7.194541444301262,0.0,3.4374083406652804,8.567181154237593,2831.0,4.0,0.529962498017859,0.6978762512748351,0.22318744907493626,0.27325425733936115,0.012200121943662039,0.012548287860309194,0.00825271044896515,0.039720863032286995,2.89836908364564,3.055007682928418,1.7874266938992196,1.9479054828651823,7.218096222883069,1.8889175264105678,2.6098201232580074,5.912666109726193,50.0,339.0,4.0
54.0,-5.90307569781197,9.36319982169619,0.0,3.8300188334794205,8.717554494083119,2944.0,4.0,0.5541312949679172,0.6397851131139783,0.2455883605705489,0.3060502702319569,0.013804062899040053,0.013671994048148992,0.00961548677238908,0.04271500289508455,3.7438470800695933,3.755067341890303,2.5936876580043537,4.161473053548248,7.821207579248462,1.6900193167905986,2.8271279769883346,7.757788262709781,50.0,339.0,4.0
55.0,-6.0971995381441255,7.6695621247979915,0.0,3.5491436113583616,8.375546821082064,2986.0,4.0,0.5324751524557249,0.6641362244963797,0.23307187406049312,0.2702424744253667,0.012741545480165067,0.013302831271426167,0.008899809953890253,0.046967900836266244,3.3012345850634928,3.0017629082016235,2.249846304819817,7.683589283480528,7.458173836756485,1.6804630457194882,2.5759681722387944,8.678087798276358,50.0,339.0,4.0
56.0,-5.950765011977523,9.868161647494913,0.0,3.705887571878856,8.792447444824633,2944.0,4.0,0.5005240520077748,0.5959638593704676,0.1960675566851554,0.25738099648377083,0.014253365357291353,0.01888398911931189,0.00982660629323404,0.054140809240554116,3.427649857257463,3.8601270845962796,2.8909025653580964,0.010381494326747471,8.08954807575844,1.484237950252993,2.9050784772038645,9.571385839944341,50.0,339.0,4.0
57.0,-6.354841232878526,5.74796991451375,0.0,3.025193530950566,7.519254301391457,2602.0,4.0,0.5498572010143883,0.6819049350694062,0.2464527525417632,0.3732270112664051,0.010949065900512497,0.010915195790503861,0.007593480648711905,0.03125782589925938,3.232450358481212,3.0811618421065097,2.253180496764899,2.3989061092193964,7.655620399034473,1.7822108841610467,2.794146025209847,6.94355416016739,50.0,339.0,4.0
58.0,-6.126816486092669,7.719619137255833,0.0,3.151645302193709,8.587252786428314,2754.0,4.0,0.5213186338316087,0.6502256692301143,0.21326424077499356,0.26562753348675966,0.011457982746133633,0.013119426128818817,0.007876697868814637,0.045484460829499924,3.793563522892824,3.1692085223124122,2.6665561450845603,7.0450723725128555,7.392936151929596,1.85653628985136,2.444720957459043,7.38934971230431,50.0,339.0,4.0
59.0,-6.024810188550638,7.798874301818226,0.0,3.725699771797736,9.81961547023115,2962.0,4.0,0.5705185736327688,0.6603143711706984,0.25809218629251524,0.4456138183914667,0.013247794619288789,0.011878209242294971,0.009398312051660132,0.02760269950540583,2.7237548513612766,3.4481763601621007,2.080900950623269,0.9220275228097602,7.734636324980395,1.6535832854824335,2.7290610432640126,3.82165816304601,50.0,339.0,4.0
60.0,-4.816775952782038,10.398003106077665,0.0,7.126100275027064,10.07271732611581,3127.0,4.0,0.6547916835096816,0.7621247636635924,0.32875120361722615,0.3773281591933841,0.021242244148581474,0.01093211141892951,0.010642315800285391,0.03701764054040115,2.5521079236209046,2.9640985958874477,1.9078456900072105,4.866796482912543,6.333333384766865,3.032796425154439,1.9127088115370796,5.451954698612983,50.0,339.0,4.0
61.0,-6.362814912941216,5.298754547015137,0.0,2.76088441331209,7.66491941816175,2500.0,4.0,0.5529098060457641,0.7174345431593493,0.24325154571240376,0.27903260198744245,0.009729467063475186,0.010158197329319194,0.007075613633468938,0.03408719117214014,3.138587694551414,3.039376020555994,2.2086385698644797,4.176606847011979,7.443821646494561,1.8593282543745904,2.7074998015746,5.5384635474895285,50.0,339.0,4.0
62.0,-5.716470897442512,7.973689307500487,0.0,4.720124574942378,11.346292044657211,2848.0,4.0,0.6426021333967565,0.7748110441675399,0.32081735095719416,1.7966059833324242,0.015884072789654955,0.010665895071526314,0.010569396938644431,0.023662471718742823,3.558882818166813,2.9247813622696954,2.7011736990724433,0.5587414239546679,7.959579310601779,1.377932906387107,2.960519336750883,8.057215489054546,50.0,339.0,4.0
63.0,-5.895193270200582,8.575336770545812,0.0,3.9149203172446287,8.32630850557721,2926.0,4.0,0.527259356278207,0.6444472831436264,0.21744210824562732,0.26952403798780067,0.014344263976382526,0.01593179055251431,0.009666575371544053,0.049781323193997126,3.4567414306882895,2.278774505026406,2.3334454125041484,3.467652796837522,7.796771875547842,1.9976841096315372,2.7272639490348816,9.808671251588507,50.0,339.0,4.0
64.0,-5.86118856818097,7.1290694184679255,0.0,4.052118460153273,8.323092815011368,2733.0,4.0,0.5761116176643796,0.6984893565697908,0.26560999565104265,0.4483397756186087,0.014355457343061607,0.011966421319806237,0.009421802729999571,0.03436896913877133,3.1508945401787827,3.237398214879807,2.1840067983409854,2.1173448418611023,7.685053199378526,1.6583995124858077,2.888926873438904,8.409007516212581,50.0,339.0,4.0
65.0,-5.7195656234376235,9.072814301229545,0.0,4.568187182996638,10.045880272742092,3091.0,4.0,0.5809892780389323,0.6398153354637715,0.27246528170009765,0.27153579891396507,0.015912841926869863,0.012476427735707587,0.010547527751962864,0.03870808915025796,3.1704368199625894,2.872819813125528,2.016095154006755,2.3367563428357583,7.614343546116276,1.570132903321511,2.9033944162301806,4.01891545255788,50.0,339.0,4.0
66.0,-6.4029717856829445,5.673219462805018,0.0,2.5411947214192825,7.3285190331538175,2576.0,4.0,0.558772077588791,0.671645134432487,0.24682624149541837,0.36631035383933674,0.009055518169981583,0.010071204050235864,0.006356127387859721,0.03608039395826353,3.0901478787007486,3.0244709208122416,2.1199513149496383,2.7031621406790314,7.507043083443022,1.734378966702443,2.8354645669577243,9.108669708989446,50.0,339.0,4.0
67.0,-5.5636597251807265,8.990027900932093,0.0,5.0497482201245365,8.852830249804043,3052.0,4.0,0.5564398424960633,0.7051062185015802,0.24415534594133875,0.26268723536582417,0.01769922732468364,0.012989450552190755,0.011321626201695717,0.044823002525826605,3.827655153251283,2.6217497714498146,2.7652403760746305,6.06936239749704,7.378120329196162,1.6668303700093565,2.7092866023183557,6.722968904803383,50.0,339.0,4.0
68.0,-5.815613843193558,10.88718249318379,0.0,4.420224386834643,9.186487040729375,3084.0,4.0,0.45472238459253655,0.5421452086557534,0.16131482342518433,0.2567080013956018,0.018379436282981665,0.022180077667618273,0.01345231280223632,0.053164073354037736,4.9773455263171,0.5030974592381376,3.453896736718427,5.184385110390766,8.537805875419092,0.26326402732837195,2.8396502660821366,8.541129357789014,50.0,339.0,4.0
69.0,-5.538675799011922,9.895904925999531,0.0,5.164018102387242,9.323788881707978,3013.0,4.0,0.5428817674191206,0.6427491289129965,0.24310910110134837,0.2716694933094843,0.019049379108679133,0.013470109459013078,0.012968711387562053,0.04300236650122541,3.26688577100513,3.4746051567993317,1.8829146646563348,4.458647071969818,8.026240581729557,1.3628703376804054,2.7738935201763386,5.868071743158016,50.0,339.0,4.0
70.0,-6.008705620299068,6.653714187302142,0.0,3.4028842346699295,7.962632055822485,2591.0,4.0,0.5766943855442169,0.6414543740969737,0.2550515073812352,0.2565985439649616,0.011880066895630944,0.011324972904950064,0.008201500684288042,0.04831845652267463,3.2163735650094627,3.3921213092412787,2.216639083002502,6.823496453600905,7.60169763912595,1.7906718492889144,2.6644461225766243,9.405025328936812,50.0,339.0,4.0
71.0,-5.8706941532976655,8.453083555564444,0.0,3.9383391861409325,9.496473907431978,3001.0,4.0,0.5811988487469308,0.6541928581586827,0.2575481009259962,0.42585469205997206,0.013754739097683938,0.01102354686322605,0.009190065945135432,0.028569909795807535,3.2416976073507113,3.2998372064774495,2.3391679154942566,0.14597563161964175,7.634123500056576,1.64462380722669,3.1263991398251605,4.181034225204858,50.0,339.0,4.0
72.0,-5.056752304064184,9.656787013236663,0.0,5.891227301642574,9.548633293636819,3142.0,4.0,0.6129419876971154,0.6998749096485926,0.29360073352640226,0.49605005982888617,0.019978534954140648,0.013683292960720718,0.010565792039670405,0.039088719238703884,3.1114715682743137,2.9251250483815427,2.0821194645131684,3.192236601109062,7.6146828253336984,1.724195556721014,3.0230107148518552,9.04146467776986,50.0,339.0,4.0
73.0,-3.1583528739569857,13.556642815501434,0.0,11.441845050514903,12.680252422126385,3093.0,4.0,1.5168776271751594,0.33743412847010523,0.6649103493185264,1.9624314551674096,0.027076854873397817,0.004622831614396389,0.005334140484404542,0.026354053624355576,1.4072605289203852,0.37916652403898565,0.31787978828645413,1.4390609077971934,8.753094857509284,0.01780194660284984,0.02168008544206046,8.750724737176187,50.0,339.0,4.0
74.0,-5.4631760310029005,10.723564488148378,0.0,4.985803124913711,9.2317163725482,3196.0,4.0,0.5471244128875675,0.6997842702288072,0.2383996491350326,0.25627816300548717,0.018359714796345065,0.01706294917004908,0.012133845084577245,0.052014721047400334,2.8380178631516904,2.774236903627819,1.5243659083776546,2.809659657195753,8.024946632176846,1.0805163675221134,2.6264530106053634,8.022641492388331,50.0,339.0,4.0
75.0,-5.6335828863887825,8.338044045482974,0.0,4.636291241032827,11.148959617501145,2909.0,4.0,0.5518372228466695,0.6968867326729025,0.24550185705790312,0.9249785965719328,0.016099942994829423,0.01365078070535326,0.010715400990411385,0.02580153990054468,3.9594258416932373,2.865514500777338,2.7208891681795007,5.144910706601118,7.256355443251961,2.2529513403852093,2.2210956562167326,5.195511248954143,50.0,339.0,4.0
76.0,-5.480925637368151,7.984490042080802,0.0,5.875959594793461,11.80918328606911,2897.0,4.0,0.7776871038798319,0.7316459448036265,0.43377103842167386,1.8426576700873596,0.01857324742331118,0.009181156882548183,0.011891164870980436,0.024568259270287288,4.795869181386619,2.301098132800627,3.530353763532635,6.592931318678844,8.202863673219346,1.103081316222669,3.0032259756831703,8.224017904909843,50.0,339.0,4.0
77.0,-4.051448727174927,13.26642416769495,0.0,7.722392637926485,9.785391058002515,3488.0,4.0,0.6480580373680216,0.7180428684467759,0.32544284075151403,0.25150044653435516,0.025948488786266183,0.01323378327580596,0.009848114541596432,0.0558504083303035,2.3694193986199314,2.8511086616189347,1.3255509641017675,1.1188747045330083,7.935297131679364,0.7024979726623917,3.77223519061132,7.936738429464434,50.0,339.0,4.0
78.0,-6.137254912967882,5.916648930522523,0.0,3.2762225489139203,8.415443204706026,2632.0,4.0,0.5689129792946233,0.6817941190661483,0.24743304533738958,0.6540543593050586,0.011382642619040512,0.009817696440225798,0.007892242214410575,0.02888089685740747,3.3152280962010283,2.8314617643197493,2.3084254713610113,4.757096875207366,7.319712088084211,1.8799587372641025,2.7079451036296316,8.324350208712797,50.0,339.0,4.0
79.0,-6.214914868962891,6.087656517333173,0.0,3.051320247939073,8.520006873514491,2629.0,4.0,0.5316426594228195,0.6579330849197377,0.2266948362417155,0.2567145099271596,0.010964107483102465,0.012110222499508834,0.007914466523915104,0.04609574940028166,3.3816844521382876,2.813715822170475,2.3657751461837084,5.901098177786005,7.4325505427866,1.8590570950170155,2.610256315391122,7.4283750265981645,50.0,339.0,4.0
80.0,-6.424060466208235,5.747799955104358,0.0,2.961550903184523,8.31460830778865,2950.0,4.0,0.5586541496904942,0.6184956953971155,0.24344396671217794,0.3590638738656611,0.010521633971068856,0.010976858237624516,0.007238354728833977,0.037235568570015136,3.330460036935634,2.9660673998929945,2.4427025983597432,6.986835574672795,7.483354154664534,1.8789440540373388,2.6270555062805663,7.6954321255469695,50.0,339.0,4.0
81.0,-6.09166123025464,8.289820564417978,0.0,3.302978415364128,7.812999819299488,2871.0,4.0,0.5493244369084486,0.6595239594651042,0.2354391695173822,0.25296690806257727,0.011807157087001707,0.011209554306880292,0.008340696785046741,0.04430666682636989,3.1261970713391536,3.168713239570102,2.1043846003500373,2.5366379857569985,7.543660749409292,1.7798833093472828,2.8104025892403,8.212964654186699,50.0,339.0,4.0
82.0,-5.867260329673891,8.879265247056999,0.0,4.30269836621952,8.307478090609978,3077.0,4.0,0.4869344298157979,0.6181244203839769,0.1917165865744746,0.2539309493461809,0.01728422994807934,0.018567542096905542,0.011867575903840244,0.0500913462004733,4.49287982654193,2.4546285642833725,3.1757039634865896,8.768973118054527,8.466700061673325,0.7152316603630133,3.2310276264155338,9.181726725217295,50.0,339.0,4.0
83.0,-6.168781824304046,6.400650466025427,0.0,3.162583595068702,8.17354698010747,2713.0,4.0,0.5690535137627695,0.6433282369633619,0.24996808887807304,0.387121952704297,0.01123635978715655,0.011332752055401414,0.008016839173606663,0.03708132475464886,3.292816625228742,3.3815410536677515,2.1264014660347015,0.8995305775622808,7.758332382721384,1.6016918839330936,2.761875112943021,8.587518520471054,50.0,339.0,4.0
84.0,-6.372616585312831,6.150107674040444,0.0,3.012497468904321,8.597844754973698,2571.0,4.0,0.5645101499166998,0.676035332883355,0.24858097840495408,0.29182084761829163,0.010664531480713451,0.01106557784179781,0.007582754216023297,0.04010269406983225,3.3732941359535316,3.261110548156294,2.3578929760395795,4.982613389747614,7.472257995920663,1.752284786483945,2.7442561422639207,6.458945914335467,50.0,339.0,4.0
85.0,-5.450549115893433,9.66729642200621,0.0,5.855183417055071,9.596251049034368,3062.0,4.0,0.6688050326791303,0.7405289077639118,0.3320310915077702,0.3813840427221785,0.02017986273570657,0.013328711564130725,0.013351418060599689,0.043943031340137474,3.5523056452196093,1.633819507746534,2.0051699680741057,3.5760310989604416,8.553874617254408,0.11785652532616808,2.512483231498515,8.55967203912898,50.0,339.0,4.0
86.0,-5.591952247189379,8.136746034176538,0.0,4.804642364223842,7.931243434004882,2833.0,4.0,0.5970823428728155,0.7048686473926854,0.28542331048961667,0.3418988123200049,0.017227008295334117,0.013096673749195209,0.011233341781764182,0.04185075344658562,2.8026269808409103,3.399975340489687,1.7315529706775252,1.4274944797516351,8.220529980862448,1.557998402976656,3.1895331652848693,9.953861726475417,50.0,339.0,4.0
87.0,-5.924189923108471,6.343191502407571,0.0,3.4326148793715383,8.244925782478047,2632.0,4.0,0.5504538362931909,0.6886357783582754,0.23472199592425774,0.2544089287564863,0.011937067109288838,0.011120396640059843,0.008310528500250549,0.03552781260264257,3.08713590207458,3.167461502940706,2.1196200988441225,2.4751629973275397,7.262708246486019,2.0663056348222177,2.588004954403358,4.6707548107626025,50.0,339.0,4.0
88.0,-5.734360221586612,8.330681038351456,0.0,4.457898457808609,10.105501880238009,2979.0,4.0,0.6056896041814261,0.7232655122274867,0.28447618857685336,0.3363835500704245,0.014656189646364247,0.010532959901838442,0.009883553734796166,0.038021588929481466,3.386792437827299,2.9757354489552736,2.383987045729884,3.2033225617443657,7.062390405823864,2.176730210937656,2.3883175725066117,4.952163725184686,50.0,339.0,4.0
89.0,-6.081046782536403,6.78141705179681,0.0,3.5874950835567287,8.640088065458208,2746.0,4.0,0.5499430168518795,0.6454983771988971,0.24648241035986695,0.27980025230930816,0.012677949055100224,0.012778649019871986,0.008726674701817174,0.03637497184678258,2.9267508851392248,3.334259675805122,2.121195512340103,0.18624622342156455,7.437406384021975,1.8884233665565064,2.8199850866583933,5.058332508869675,50.0,339.0,4.0
90.0,-5.849550896246897,9.852214767063382,0.0,4.921323172802641,8.48302966949965,3090.0,4.0,0.4371730506709004,0.5811702121245821,0.14780521869365798,0.2546153230727009,0.02124282453257171,0.021453060059499263,0.015475841154239913,0.05184413310067391,2.8025644984124725,2.306927492770704,1.2281677735628138,2.7655204402551883,8.694099335799976,0.7705776528902177,2.8885950933002276,9.463226815636114,50.0,339.0,4.0
91.0,-5.759174596483469,9.569201275349672,0.0,4.836284938182379,9.599247733518345,2836.0,4.0,0.5803504456677282,0.7188091015610949,0.2596396833057207,0.3113595611613022,0.015887956838306197,0.01365351148448531,0.010560253670653792,0.04396530671487753,3.60169906565319,2.8749280637269323,2.697790520159378,6.445740715366666,6.727559464724464,2.2938830170729068,1.543478460090208,6.7060396982356565,50.0,339.0,4.0
92.0,-5.455298312487706,9.638194252321945,0.0,5.557740163744886,9.053967609462806,2972.0,4.0,0.5046922533088782,0.5861337453531399,0.1987789577050159,0.26421874288930336,0.02279750234459195,0.01592006624606017,0.015826168638554492,0.054855217216006016,2.536431119253219,3.299491333548046,1.0280604677484568,2.1547891944848665,9.248767104231069,0.6118267653123386,3.3474547818917966,9.864370049920002,50.0,339.0,4.0
93.0,-6.354328219378396,6.322244468600967,0.0,2.7391613136179758,8.316708547972183,2710.0,4.0,0.5269260025020023,0.6738520206471296,0.21935676642819169,0.2865634405733816,0.010000360540255793,0.010930478786890895,0.0070019480515685515,0.0425616858333543,3.31340322012047,2.8577354941357958,2.2738192329145335,4.1683229742088725,7.560682065988202,1.6537314868092379,2.6849746554666583,7.562126463975094,50.0,339.0,4.0
94.0,-6.077185735402831,6.459399474082356,0.0,3.4407763287264506,8.640280211597718,2621.0,4.0,0.5538111409208786,0.6105902046718599,0.23321947688488182,0.43182286890691807,0.012121640127812059,0.011042478825815178,0.008379186560374122,0.03031657239724034,3.3603370582732808,2.8287130253821333,2.4022275275713256,4.683656799270069,7.375790111477128,1.9096698572751087,3.0107998552435484,5.746958919573825,50.0,339.0,4.0
95.0,-6.261634290369632,7.063581096267098,0.0,3.136456178270727,8.519114871238727,2677.0,4.0,0.5641662836755224,0.6672185984846111,0.2551107313868977,0.26712754134595124,0.01106921004672887,0.010915207955910979,0.008084478492146966,0.04813700515438619,3.4730370882337693,2.743250672736652,2.2979374080009807,5.994588228926338,7.557568651724022,1.6051656957651055,2.720011104035473,8.445412074486452,50.0,339.0,4.0
96.0,-6.272363792107108,5.174089887683756,0.0,2.6503789058347773,7.4301459421533345,2338.0,4.0,0.5397858710998267,0.6651381479210707,0.2356240694077803,0.28724444245864367,0.009729019964174402,0.011062928882188443,0.006839562134068243,0.039078263330947785,3.1950402381988603,3.0659779335859483,2.1979738341034145,4.999050842595355,7.685145989450937,1.622349741952502,2.795057743941384,8.080488074246798,50.0,339.0,4.0
97.0,-6.3884647304387014,6.926952818100633,0.0,2.449569560314918,8.294100801745541,2637.0,4.0,0.5674328656553008,0.6567521407780726,0.25591430043969954,0.2569365175873334,0.008507207716548818,0.009768948325236353,0.006042152069415082,0.04730595158627383,3.2249301319635255,3.122627213292968,2.2856825992127616,7.4459778466467155,7.408702792626798,1.8580811297906283,2.757918209873016,8.11262258201317,50.0,339.0,4.0
98.0,-5.647866520987916,9.787811563728592,0.0,4.6440898375371695,8.752759089232054,3051.0,4.0,0.5567514020266703,0.670458960979076,0.24655751438816914,0.2765212873122196,0.01673607600911927,0.014734750726093607,0.010845054319763911,0.04692270493190327,2.770135081967702,3.2770278904509564,1.9348394323797495,0.0921596561411335,7.927677686196674,1.7273136187965257,2.59353742284123,7.928600656061768,50.0,339.0,4.0
99.0,-6.071516579870903,7.671490922883416,0.0,3.666991003800325,8.059294175137083,2871.0,4.0,0.5502933938016533,0.6648221113678988,0.24365245426058674,0.3248950303465381,0.013143585458187786,0.01283501994422006,0.008952431250094005,0.0404423161474612,3.2992978126438577,3.0406928290837665,2.3191393568921814,0.2732212195520434,7.791380202358003,1.5934332741225328,2.930131450812656,8.62832305837105,50.0,339.0,4.0
