i,logB,maxloglikelihood,SNR_comb_signal,SNR_comb_median,SNR_comb_global,run_time,duration,amplitude_median,amplitude_plus,amplitude_minus,amplitude_global,phase_median,phase_plus,phase_minus,phase_global,spacing_median,spacing_plus,spacing_minus,spacing_global,width_median,fmin_median,fmax_median,duration_median
0,-7.140555290123785,3.2126929022791693,0.0,2.913134803519828,5.753529367244881,8:14:17.953118,50,0.003828567484101793,0.0027222652132623667,0.0025431056143874965,0.007761870935457633,3.3262710607772314,3.0254139698362277,2.317034923091355,1.5572996136373816,7.783113142110934,1.4144779510584025,3.0297664292065027,8.167222393876617,5.0,50.0,300.0,50.0
1,-7.104000889501866,5.410184085028959,0.0,2.8225475652618344,7.5139233607269205,10:01:01.518906,50,0.003496605992545695,0.0025090310942181256,0.0023952887180241473,0.006580014478232136,2.739383346215112,3.0690400341362274,1.8800840589556789,0.0645874907246541,6.68076100143482,2.446052883934448,3.120228115005359,2.5359222136385,5.0,50.0,300.0,50.0
2,-5.793720854378108,6.2040148502034205,0.0,4.919816085487558,7.2965257213792665,9:08:39.524956,50,0.006494227438927613,0.0023943422513061433,0.0029954784188764463,0.008666957115642783,2.966976394291385,3.794226018895218,2.162077750673075,4.822768764183185,7.819316063732673,1.3738012149103245,2.155915766961111,6.067322065053111,5.0,50.0,300.0,50.0
3,-6.672024563145699,4.068556969135655,0.0,3.809219141044031,6.204657822843192,8:58:22.231237,50,0.005011330967658121,0.0025238517120612335,0.0029346456011288633,0.007207865827808346,3.4562322939155234,3.1081424432884854,2.373805265248137,4.138973173021638,7.631862583793317,1.6727641519910916,2.384025781058604,5.759327158311043,5.0,50.0,300.0,50.0
4,-7.783644691904495,0.7985715054544515,0.0,1.6305448890438954,3.984230274106188,4:44:03.576234,50,0.0021249555941681925,0.0020340908508800293,0.0014951580063969926,0.005708632631006723,3.0720938115124232,3.0365900210748267,2.1279346080988413,6.2881783008275205,7.437936067112869,1.8510591327612307,2.8806496856076027,9.181121799637733,5.0,50.0,300.0,50.0
5,-7.452269347352002,2.4863155360256197,0.0,2.3018138567860484,5.302399369915805,7:20:04.579627,50,0.003007577374170051,0.0025955467907416716,0.001980885268084409,0.00692747700262495,3.2544600701569792,2.989383901968688,2.3396656755580665,6.545114019971204,7.537171034169944,1.7077042604947046,3.025065110612487,7.658512807463553,5.0,50.0,300.0,50.0
6,-7.585484545088405,2.4292885753903075,0.0,2.059759604523739,5.97825016154778,6:50:13.512620,50,0.0026301795492679535,0.0024261288487171383,0.001817754556733192,0.006516380711136964,2.9193109486982634,3.1568116795289063,2.018569769476235,4.256253799964888,7.143418801139326,2.1568293705727424,2.934282216160975,4.832837915448339,5.0,50.0,300.0,50.0
7,-6.895506689108822,4.94394394172008,0.0,3.5818079209883003,6.192551752912137,8:53:32.416565,50,0.004735953456400719,0.0031778364072046674,0.003031584701538542,0.008821410780687895,3.7371587721593413,2.6826741001220182,2.693863871879902,5.885838481967607,7.889417880416353,1.3834792166542815,2.5105005819610566,9.188496653411082,5.0,50.0,300.0,50.0
8,-7.481401354750126,3.8333937097223134,0.0,2.4704118614069723,6.675719576836935,7:55:41.625691,50,0.0031832172802012605,0.0024602682048926075,0.0021443540796402955,0.0065468919516891416,3.124621261378011,2.9405915575600394,2.11406264571947,1.4227714538001752,7.317189420421327,2.1115126149529644,3.182386945242108,3.628730702724403,5.0,50.0,300.0,50.0
9,-6.802790814340489,6.321863446148997,0.0,3.656119916116106,7.027351092584121,10:03:30.421754,50,0.00498861582251917,0.003533283758055501,0.0031704865552349302,0.010524043506907423,3.4686222014185275,5.008975224647914,2.5584217239181086,9.320002597294586,8.257369316240654,1.663156761257138,3.378703914144534,9.956523997483922,5.0,50.0,300.0,50.0
10,-7.646320368134596,1.4207220387801451,0.0,1.692054322577799,5.095005651135745,6:05:55.808727,50,0.0021860195036956147,0.0023125371590192395,0.0014986547549055641,0.00654865216531573,3.20819719509827,2.8866505576357184,2.290675262399183,1.3664239326795893,7.376108864092991,1.887949679950447,2.6126478605619337,7.289973955829939,5.0,50.0,300.0,50.0
11,-7.333934868016545,5.074516579155212,0.0,2.335023652262891,7.051534139761806,9:39:09.262492,50,0.003044220711661144,0.0029860802028733907,0.0021285847334427278,0.009382325290882398,2.960544268323439,2.895892355676,1.923737013906815,3.0441363917589435,7.4511161151490235,1.5855938819634154,3.1721690639530404,7.864817484468325,5.0,50.0,300.0,50.0
12,-7.771331254701919,0.831962462125507,0.0,1.5428776755147544,4.044717572453702,4:49:39.724006,50,0.002015584035474478,0.002181983357020348,0.0014049349796401369,0.005342338383807873,3.1450269270594826,3.056598904130578,2.2329422721387084,0.8225521481492255,7.5223479159389814,1.7431481128317508,2.620138664104662,7.689819817097826,5.0,50.0,300.0,50.0
13,-4.742917377948416,11.900070523773358,0.0,29.19547620998427,39.830392190919156,4:48:55.965208,50,0.03845262721991761,0.015250054876124707,0.023035179508520718,0.05535776698245263,3.0015547009564365,3.2791127935522066,1.7049949352143279,2.9131624599130834,7.790763325654544,1.1550072396829245,2.562198663131376,8.653810743824103,5.0,50.0,300.0,50.0
14,-6.814037946301644,4.754522092973957,0.0,3.4270519833840245,6.354369219216336,9:00:43.821250,50,0.0045439248435115214,0.002878706166731658,0.002837069617461418,0.008665066333962409,3.3946209680702992,2.9743590754447204,2.35221883555967,3.818201539873547,7.973363608414905,1.1967341212027467,2.9981062948301664,8.268154789731492,5.0,50.0,300.0,50.0
15,-7.5711013170151364,1.8236542709886292,0.0,1.9799175197621972,4.649802280974563,6:59:00.199314,50,0.0025489309771503394,0.0023330853013539448,0.0018114695018171547,0.005188229403394485,3.0867912353265528,2.951600541565065,2.1427622981103354,4.988045040410295,7.273672832722623,2.025921733912087,3.0610026787704,5.178083671281087,5.0,50.0,300.0,50.0
16,-7.914148413706143,1.2173935483899558,0.0,1.675208099215825,7.169472107922035,5:31:26.187543,50,0.0021146513444342957,0.0020527950489244605,0.0014773428478544889,0.005507929127611901,3.0370308481250463,2.9119616796907,2.1604755254094807,0.20073330556504992,7.05396194106452,2.0908321997281973,2.9155932182799003,1.3556879999919769,5.0,50.0,300.0,50.0
17,-7.213080032813547,2.5910069279253336,0.0,2.4718627555913324,5.354606255376454,7:47:06.726074,50,0.0032291552811808985,0.002757176588014901,0.002222069770236334,0.0075565843997939235,3.2639116789954565,3.253327475366814,2.272143109881031,4.915705530958824,7.502902800714273,1.7602919141562081,2.7954569617569547,8.88023682489101,5.0,50.0,300.0,50.0
18,-7.699566637728078,2.1164031806801096,0.0,2.0892549507738623,6.961590877072465,7:24:17.120135,50,0.002643641361432984,0.0023928740466645005,0.001866720346310434,0.006138294476692841,2.9408114348632997,3.092048011522887,2.0761918947553673,1.296993467797142,7.07508651727237,2.105799277490343,3.0979846301917315,2.5938348134042926,5.0,50.0,300.0,50.0
19,-7.319871560506335,2.434354675097253,0.0,2.461471017947779,5.977156335892632,7:10:42.872106,50,0.003199716380930752,0.002604181135628988,0.0021025382354537053,0.004519705999180614,2.9114157326140178,3.3417417631255826,2.0557023703722366,0.5211366974815719,7.4292656743192005,1.8483428392380112,2.9782385638296116,1.1968838269760926,5.0,50.0,300.0,50.0
20,-7.802924595575023,1.7193661830677665,0.0,1.8363994015404437,7.2738853325888515,6:03:40.978054,50,0.002335311174590969,0.0021934763263013494,0.0016148058225786683,0.005517768175678114,2.9177047767786046,3.0917089639385047,2.088281570293709,0.9155031967561656,7.218664289027857,1.9951159741557456,3.1477179809385385,1.267214171861276,5.0,50.0,300.0,50.0
21,-7.83040523481395,1.5691488447997324,0.0,1.8623627159139104,4.4067077377829715,6:00:11.350497,50,0.0023913496759474136,0.0022344706180628645,0.0016905690739326851,0.006579077004273489,3.0423776672509244,3.279149895325841,2.1343605941278927,6.045130588150315,7.285787847240776,1.9528019626367321,3.1016149241459248,9.998759647969617,5.0,50.0,300.0,50.0
22,-7.5364510026309,2.420379405161014,0.0,2.146955441750699,4.876969883130245,7:17:04.287016,50,0.0027675705365420846,0.002492264342536083,0.0018633312805227758,0.0065389711833717,3.2151178151036786,2.8828311792272143,2.2694722734735455,1.6982137165684579,7.33715912498838,1.96697630201567,2.845754175058407,7.931685160550299,5.0,50.0,300.0,50.0
23,-4.467522256665649,9.276609748949543,0.0,6.000489000618209,7.571204407900711,11:24:55.348881,50,0.008961908658469402,0.002567581684707396,0.003038170033109658,0.011322444802755596,5.9076862325208035,1.1773935427778728,3.9250139386324374,6.386124673381682,9.866579369591989,0.07463412000728198,4.79881789582585,9.919323571624265,5.0,50.0,300.0,50.0
24,-6.822272132682616,5.458401060584796,0.0,3.7076043210756104,8.538118255285012,10:06:43.910367,50,0.004627503478786288,0.0024713429234591647,0.002860786846555866,0.006734567421006433,3.058148174299153,2.978977083815275,2.13040151023191,0.7029606337798509,6.868084407567029,2.1845588669672935,2.8441482000181493,1.5804710826377706,5.0,50.0,300.0,50.0
25,-7.672809374397416,2.6415006388037936,0.0,1.8922661348304675,7.319907672218451,7:45:22.297736,50,0.002379910841841257,0.0022130397278086545,0.0016380182711762243,0.006254874614905604,2.920459589676155,3.053491208702874,2.0966759816719303,0.12646587149133967,7.003197478068621,2.1898913425272415,3.1095983659905544,2.3082904005091947,5.0,50.0,300.0,50.0
26,-6.514243819062468,6.125943396936283,0.0,4.078371575693393,7.005241378482859,9:51:36.968696,50,0.0054756045742218665,0.0030038904748427575,0.0034291979123384757,0.009978909066916676,3.842236152635079,2.254972945940797,2.595778424780436,4.631444328817288,8.044149595249888,1.1825146241829678,2.7204281155998578,9.19091957722332,5.0,50.0,300.0,50.0
27,-7.567352227356141,1.7098828376456536,0.0,1.8665247441649435,4.932702798434422,6:41:34.779683,50,0.002432442371935977,0.002325190728170884,0.0016882221541318953,0.006822569583194968,3.04768447634858,3.1056847853176355,2.14701185314453,1.2832638230772386,7.48338317990115,1.8143541202550715,3.0887315595162326,8.55948084320011,5.0,50.0,300.0,50.0
28,-7.119849049905206,4.466340598994649,0.0,2.9906011176112743,5.91688546776697,8:59:03.526187,50,0.003972461013313165,0.0030962632701650884,0.002586273526545559,0.00855909813772365,3.4378861834890717,2.661161449777272,2.280955787346225,3.888386152058083,7.866667156821199,1.5199477407570594,2.6535476837050638,9.361193098090046,5.0,50.0,300.0,50.0
29,-6.7222021082744,3.597430843009763,0.0,3.3737364297090537,5.5745055959709235,8:16:29.584115,50,0.004405418790757353,0.0025986589671181688,0.0027507971762504146,0.007871391158448374,3.2191941759200553,3.2890777418471036,2.262415936271056,8.241946131098809,7.588955050441426,1.4660507002370586,2.7414370884189267,8.89549313691727,5.0,50.0,300.0,50.0
30,-7.980373691139448,0.7099851550507245,0.0,1.3716742930071435,5.723195557556747,5:09:44.819942,50,0.0017730400830102922,0.0019444059399898622,0.0012667762329525297,0.0052136432611094964,2.9039397028757437,3.1918586410641474,2.03580917519884,1.479423973199453,7.3540920034096935,1.911946486627503,3.305826939303314,2.860352900246542,5.0,50.0,300.0,50.0
31,-7.37628805548259,2.9583375620203727,0.0,2.5213589379949797,5.391725522738628,8:35:26.905412,50,0.0032104676756015693,0.0024769187651047216,0.0021447075360924274,0.007260322623375572,2.9333542766129654,2.9683569941304895,2.101384902818902,3.9334777724421826,7.162701239404084,2.0157816951038274,3.3649718530449237,8.11957643282262,5.0,50.0,300.0,50.0
32,-7.499957969771115,2.5099438006060977,0.0,2.185747450582771,5.620427440440219,7:38:56.617182,50,0.002824131347362565,0.0026749250209035847,0.0019065329221278928,0.005306719352340424,3.0449741321544748,2.977976543088527,2.164952994117085,2.78668776091705,7.364916321883241,1.9942190874757557,3.134225334160732,3.2220634688751852,5.0,50.0,300.0,50.0
33,-8.038488885392468,1.337938887970436,0.0,1.6125012803284857,4.6903296027948995,5:36:10.518466,50,0.0021055796419409845,0.0021912316828161223,0.0014957761542235062,0.0068748052923921525,3.2109438779242776,2.9457620049903515,2.2434985281951834,4.688359129408435,7.599766453757945,1.7836315455307643,3.008952358606292,9.778322982009557,5.0,50.0,300.0,50.0
34,-6.761738395682323,4.576460795794934,0.0,3.4623830891119427,6.6957393589013385,9:30:02.823687,50,0.004350717542222994,0.0025808820731442195,0.0028515377996732433,0.00682496505265524,3.2172348502658528,2.753566244936521,2.289973707840314,1.0597229224339941,6.977213304435622,2.078543568956073,2.4225707445670874,4.070274501007328,5.0,50.0,300.0,50.0
35,-6.914943464136548,3.9521681521471947,0.0,3.4828352971245686,6.9544847491626935,8:29:58.610958,50,0.00448991442891267,0.0025055125202251578,0.002746641074215864,0.00806292360746424,2.9753791344635507,3.005840715501754,2.0093200838136456,0.3399292738884873,7.344750718549996,1.8382119308229026,2.40634318766101,5.745333598798438,5.0,50.0,300.0,50.0
36,-6.55065862046916,4.997681517979623,0.0,3.9990885936409373,6.915001411747034,9:03:43.116735,50,0.005270225920345936,0.00265815104208677,0.0030744934911208863,0.009489283297664153,3.3895110860412587,3.3832310552988294,2.401683810910433,4.737630821691485,7.693425004497222,1.5768477319103962,3.066670110410996,8.41198942900936,5.0,50.0,300.0,50.0
37,-7.842913188979031,1.1342991198351475,0.0,1.6808060271204013,4.173768386550902,5:16:58.476903,50,0.0021397935891847757,0.0021215747171515077,0.0014868613322732592,0.006068274651755404,3.0960617949974525,3.004057196047036,2.2289183943358033,6.286357261983154,7.204788000405507,2.081822362442198,2.8469596593440736,9.474593022459338,5.0,50.0,300.0,50.0
38,-7.112035238612747,3.8967025686414867,0.0,2.628875288590467,9.745091749829639,8:33:46.047358,50,0.0034153510152674493,0.002776224628471927,0.002327122907530986,0.007695395780154608,3.0507683239908157,3.2147440239463436,2.207263586492173,1.1970084371382097,7.431362593921172,1.8485306798422751,3.510839566478496,1.6083703718060243,5.0,50.0,300.0,50.0
39,-7.812806484863234,1.2018078196002713,0.0,1.7481847739096448,4.140684318038124,6:24:08.759171,50,0.002262072886424974,0.0021927513444074567,0.0015439695543207994,0.004277215261921775,2.9696135220912936,3.284924989451933,2.1002194125549285,3.288176812340926,7.307834370658578,1.9826418930126755,3.258639296651932,4.13934737812129,5.0,50.0,300.0,50.0
40,-7.710116294530782,1.5619962552011677,0.0,1.8072580910096303,5.4163998581946196,5:51:40.995764,50,0.0023275583055601453,0.0022304733628116524,0.0015684339431547324,0.006822664760957116,2.9458256956873674,3.24343449641104,2.1015460326136717,2.219918258570175,7.296588623567623,1.9446952937457285,3.0185278830262545,7.039954821912813,5.0,50.0,300.0,50.0
41,-7.374372105779599,2.581208323116974,0.0,2.537079532241748,5.944710495749152,8:12:05.851628,50,0.0033228390184095475,0.0025874930876927105,0.0022322140051016575,0.007098571549435016,3.1658110839516587,3.1467476072690284,2.145771934654306,3.634349470064171,7.5922944290914085,1.6915447684167617,2.5523917614386598,6.128537734060716,5.0,50.0,300.0,50.0
42,-7.952802052630874,1.54219367734775,0.0,1.7514696409578814,7.100924536729153,5:54:22.209266,50,0.0022732300218141063,0.0022316910636927386,0.0015988357951291833,0.005491057853851355,3.034678615629547,3.225327010194871,2.11245915426678,1.3876134828747109,7.421416203844591,1.8958774116148538,3.2846349179546106,1.40567364573126,5.0,50.0,300.0,50.0
43,-6.44760455214034,5.505490954309865,0.0,4.058651188601758,9.05682084138703,10:00:11.234634,50,0.005158490637282111,0.0025719171133145088,0.0029059891735634096,0.008254748435756928,2.818471783460944,3.144923112951485,1.9692260958429721,2.383103285323384,7.114198423136737,1.9254413088622373,2.576857478739157,2.9006035356252715,5.0,50.0,300.0,50.0
44,-5.653151379977773,8.147692434703927,0.0,5.686082728253946,7.505189003032441,10:51:34.376989,50,0.007375430714317501,0.0023585637437389473,0.0033360630950896196,0.009729438300098082,4.67491203945556,1.5459839817298011,3.202891139417299,4.803325866672249,7.439581737908195,1.6679127096335176,0.9894871502162568,7.446826525567131,5.0,50.0,300.0,50.0
45,-7.146887977611809,3.487802011888181,0.0,2.9854892415906606,6.612747135309651,8:19:49.081421,50,0.003839880198441216,0.002726412087446205,0.0025433306436567576,0.008125617934737012,3.0863303805481253,2.7109575157161943,2.0656133800098675,4.391188899587725,7.268064717957586,2.0432627329272623,2.6897545788236474,6.577462265037444,5.0,50.0,300.0,50.0
46,-7.74646187270139,2.2723153454940768,0.0,1.8401166421996629,5.549992112892287,6:26:34.090198,50,0.002403658674184973,0.0023697562259076283,0.0015978401571971929,0.007721099265939224,3.2342435234338995,2.9464457277174403,2.2770994734798777,3.8820555973714694,7.552695754112984,1.7315989837318186,3.04896862329032,8.602660667204429,5.0,50.0,300.0,50.0
47,-7.298743280237102,2.341214588582847,0.0,2.322596585359923,4.949921956926262,7:28:41.256190,50,0.00301376490036494,0.0024359306584150996,0.0020674343658181843,0.0071391359659056415,3.1019848640646,3.210799606449519,2.1718726317671733,1.4377623998708522,7.422997919817654,1.8817654001195088,2.8914873992723074,9.236386553172684,5.0,50.0,300.0,50.0
48,-7.532445896446325,2.5399463984945228,0.0,2.1102894978049433,5.2040511234242635,6:57:02.234420,50,0.002712232526239555,0.0023562049713041927,0.0018594355444055267,0.006885314446187758,3.062605990865079,2.9433402429049385,2.133526866686249,3.815472424147552,7.373731544693227,1.8100919964107618,2.895272030274411,7.862220450290405,5.0,50.0,300.0,50.0
49,-7.1225124197051475,5.992971928070973,0.0,3.081213638490169,10.048847619293543,10:05:21.764297,50,0.0037716013957519038,0.0025893387609452374,0.00244832872476268,0.0074644747711340035,2.8610116610125287,2.9212057131327693,2.0432175675342417,0.75632607397939,6.460457771289022,2.718448530823464,2.7693628306727187,1.0336945801975983,5.0,50.0,300.0,50.0
50,-7.419020442447414,2.537604211113025,0.0,2.2506906575963033,4.946335612300781,7:36:58.284217,50,0.0029468326452127824,0.002586792019556255,0.002030050847384184,0.006803700608880567,3.1665271116158595,3.183551697403971,2.2138213344883058,1.3167464779352078,7.55338591323752,1.69795909541617,2.780344494795971,8.501858745262002,5.0,50.0,300.0,50.0
51,-8.004199437125653,0.6951770636408964,0.0,1.4988817245350312,3.678670599149053,4:49:25.106148,50,0.0019568462638046725,0.001974309550845564,0.0013522809017940567,0.005108161704212289,3.2839847107261693,3.032371523433136,2.353711628693136,0.08403439988338932,7.543486206662436,1.7232529243565953,2.8271990215537226,8.620227897511498,5.0,50.0,300.0,50.0
52,-7.235533416655306,5.402066802054609,0.0,2.786955881477466,9.411665581682362,10:00:44.421863,50,0.0035615426296364194,0.0024492746207570937,0.0023491655877518986,0.007451170975514884,2.7120039049445377,3.1012239706517284,1.930796809367223,1.2522804288237055,7.193261909206693,1.9964668333596274,3.5146318153142295,1.5952282855330822,5.0,50.0,300.0,50.0
53,-7.164394221697792,4.259406265978588,0.0,2.712194623502163,5.526664416385412,8:26:02.442269,50,0.0036001942160278594,0.002986143051786932,0.002425024562491109,0.00769200692220742,3.344970073934287,3.4737548312320436,2.3463697229482054,7.907834690632502,7.910882896440986,1.4424532724517842,2.99984961669952,8.699102035464273,5.0,50.0,300.0,50.0
54,-7.0102468951248085,7.075275977793793,0.0,3.243564650436561,10.526867589942666,11:30:27.893176,50,0.004173664044360373,0.0026823672981831333,0.0027693612692717387,0.007893939798954213,2.7752634537062897,3.2917839110007985,2.0666998695287084,0.25620318266708664,7.345722355661892,1.9426393972687093,3.9688006595989735,1.1565342596661319,5.0,50.0,300.0,50.0
55,-7.225715177820528,3.6200035633816228,0.0,2.777373048876778,5.957086712181889,7:59:48.059214,50,0.003657863477574055,0.0027185946983409783,0.00242862739758471,0.008757906690602515,3.169686282220392,3.2579172401422967,2.210814792542463,3.0116225441568423,7.641496146637045,1.6933448856874938,3.2975271354909124,9.674119608463299,5.0,50.0,300.0,50.0
56,-7.739838154534741,1.3081345576710206,0.0,1.771067074547383,4.129952989193372,5:37:20.827948,50,0.002282815562346366,0.002148797183457691,0.001571733670147945,0.005546608098353695,3.0978191569980007,3.0447743548380224,2.1931994576068825,0.7513809461978814,7.350239855183922,1.9451106271637286,3.058879028660561,7.986074692757057,5.0,50.0,300.0,50.0
57,-5.587479851491145,9.456383711072995,0.0,15.293793614201931,42.584091121080846,3:58:30.443469,50,0.02009748601647561,0.017395529692806243,0.014116029899529658,0.038934664607826866,3.205309173195732,3.2761377033902184,2.332676942280324,0.39464487205252313,7.71442474591007,1.6390185647804776,2.8489188540698587,2.942286700102909,5.0,50.0,300.0,50.0
58,-7.866594593391942,1.3120201251067827,0.0,1.819797207373431,6.329807544981782,5:45:06.371481,50,0.0023619310014419905,0.0022287587397514653,0.0016317986254310495,0.004743447045186699,3.026309048626757,2.95822937075444,2.1481359203635915,0.5230990026772608,7.42059292454705,1.9239882250810183,3.028650550665856,1.1168674670407566,5.0,50.0,300.0,50.0
59,-7.876916678135957,0.7598548865546648,0.0,1.457893178477914,4.5382260277483315,4:55:59.033385,50,0.001882043142610338,0.001925628831262734,0.0013211556912163679,0.006407011546325227,3.0172419885429758,3.044518639409131,2.102940588286362,2.4200960332322032,7.410730563610517,1.8485198498250526,2.9699488041192934,8.90565798478893,5.0,50.0,300.0,50.0
60,-7.217530541702452,3.113720025367199,0.0,2.60503337655905,5.9154257151551395,7:53:46.760182,50,0.003448132412635981,0.0028136455476497645,0.00235874762436979,0.007930854171941074,3.269987471379819,3.1532034617756812,2.338909630316522,4.793068394351414,7.869520979607556,1.5260775778877953,2.769699009548421,8.134812259973716,5.0,50.0,300.0,50.0
61,-7.171096643553344,4.038582362100984,0.0,2.8042327714060717,5.919800641505388,8:14:08.652432,50,0.003612304290403576,0.002759723576827426,0.002469728517722773,0.008337405487474041,2.929338650200774,2.9280081394823134,2.050161466975985,3.1365275735098974,7.28584528350731,1.781584345867108,3.215136998131344,8.764978034896515,5.0,50.0,300.0,50.0
62,-7.87179603299377,1.2548023400973438,0.0,1.619725441872645,4.964438277936265,5:08:01.969228,50,0.0021149092401054857,0.002244101001385517,0.001470501688631804,0.007005594611407286,3.223049732997767,3.1619155089419735,2.1814094186311586,7.227953843092616,7.453893007397045,1.78607743219139,3.0202226123885403,8.89712295871955,5.0,50.0,300.0,50.0
63,-7.915984535457845,0.48014677168340314,0.0,1.398851426611385,4.321234100632231,4:35:16.443011,50,0.0017710993078218055,0.0018187748006185964,0.0012827791661631656,0.004541384947724781,2.997143797221275,2.919409508341862,2.1171893795146612,0.14752835126779645,7.06277228901218,2.109053893086031,2.824421767992705,4.372077289002806,5.0,50.0,300.0,50.0
64,-7.621818048897356,3.185264245461207,0.0,1.920005252559318,5.9753557260751835,7:02:47.001459,50,0.0024413235411531444,0.0022972952887868646,0.0017175334984921818,0.007362513391812523,2.9812815919594984,3.0124654651780567,2.114527629690391,0.8774437334127033,7.113970985118491,2.0765934673413744,3.035437886406948,6.635686105654143,5.0,50.0,300.0,50.0
65,-7.8806163146232295,0.4353584244580474,0.0,1.4918392869448858,2.863033364236695,4:50:02.019190,50,0.0019493871692543448,0.0020145714202400218,0.0013655973451807818,0.0037338703637539257,3.1541897096157463,3.04866475952673,2.236184673343801,0.44176031760373075,7.503310609801052,1.8166902332402044,3.1088023905985276,7.509200810130944,5.0,50.0,300.0,50.0
66,-6.87967470097672,4.369400109659354,0.0,3.2593130473422467,6.342810691739316,9:09:13.825889,50,0.004294817100310989,0.002777370335667914,0.0028916711881734635,0.008530278786359424,3.394473568618978,2.8037194184129124,2.3817665824962746,3.5153261155015176,7.746419813476572,1.3649654928267223,3.1462627055934034,8.043098079252024,5.0,50.0,300.0,50.0
67,-5.910556869428185,6.903729217000058,0.0,4.935932535413017,7.164982662875203,10:15:48.643006,50,0.006600905826997121,0.0023849208613192733,0.00311638294484118,0.008800180387568319,3.730428901092541,3.2875043574442513,2.6157025768456332,2.156686603568087,8.029199978574741,1.007964135868166,2.2740492341079843,6.567489454713937,5.0,50.0,300.0,50.0
68,-6.754495012695088,5.425123463377371,0.0,3.501326701632771,8.107908311893096,6:13:32.027844,50,0.00445570809138003,0.0025265508301202328,0.0026698127417836065,0.0085511296821363,2.801563788373453,3.0076748292821356,1.9397289285795196,0.05019638661973302,7.1284612932469145,1.8484503954943925,3.1587307171367693,4.438504288821719,5.0,50.0,300.0,50.0
69,-6.037266509462545,5.587944834053275,0.0,4.683783569144407,6.703182327245319,6:29:52.894199,50,0.006296510955170084,0.0024072450819598596,0.003168899834231088,0.008242257849476475,3.703921405011597,3.2021052349459076,2.530143857627661,1.3281153697420005,8.099238852690283,1.1501866878066238,2.5257514825017324,6.603231944416872,5.0,50.0,300.0,50.0
70,-7.000731806229161,3.7120248040248294,0.0,3.1587178232455044,5.691961574142292,8:41:49.540637,50,0.00397316371059468,0.0024058110815287576,0.002502141131878121,0.007124568950516949,2.8734375537357466,2.992398020676623,1.995561919630305,1.648655024693334,7.007541283672031,2.2431943483061154,2.8900294687952286,6.9106280037625485,5.0,50.0,300.0,50.0
71,-7.7297533102132325,0.7611553746619107,0.0,1.7683174439631042,4.256935153821857,5:12:31.095355,50,0.0022802663868078474,0.0022022567834272108,0.0016193479247264353,0.0057200970003148405,3.04660129282573,3.3835624475895125,2.1738056662464174,5.88427120732592,7.381223413428382,1.8737233549193242,2.9739038211551723,8.032586625650438,5.0,50.0,300.0,50.0
72,-7.74863052369958,1.1787273744983209,0.0,1.6406592051931201,5.623016414471236,5:29:30.503129,50,0.002110299337990645,0.002200241106402371,0.0014668942882583578,0.004868812935838471,3.0597709648947378,3.0351834791750347,2.144196408978979,0.35777185353988206,7.358027228921446,1.8629829086906353,3.2305997611086905,2.4243373488818487,5.0,50.0,300.0,50.0
73,-6.291647496749317,8.372245327504423,0.0,4.87747692372579,10.709537431889268,13:02:59.868344,50,0.005642319900728752,0.002144586532323655,0.0030148224687420173,0.0079140970371207,2.0667551577803707,3.3700653062620933,1.5500817591110998,0.3743250159388292,5.6610979926555745,3.032093133875704,3.373940684054093,1.0082899743858973,5.0,50.0,300.0,50.0
74,-6.946562210056529,4.467274207485017,0.0,3.2131208506832873,7.637242255119959,8:55:23.458879,50,0.0040756911506156495,0.0025809415904653613,0.002571543425814644,0.0072923606850898975,2.8958613787119134,3.4916665794482027,2.011038189982088,3.30652118994395,7.08335771005966,1.8903666276638464,3.3476773097245824,3.3438229598238487,5.0,50.0,300.0,50.0
75,-7.554676205648596,2.6549778963557102,0.0,2.197366057942708,5.7667841336742,7:38:58.945077,50,0.002862655297065067,0.002545132516866356,0.001903539519578921,0.006911602822894668,3.247043379303186,3.217238171231699,2.1950177982307064,1.9718617211071665,7.524267307577417,1.7940040049746804,2.8389775773208976,6.213833974835026,5.0,50.0,300.0,50.0
76,-7.367171929031276,2.1818680825754706,0.0,2.614541429656675,4.796469750546509,7:44:53.640792,50,0.0033698774328218013,0.00244731080910744,0.0022094680235654565,0.006175960255024551,3.0727028664031497,3.0803994172287217,2.0810058104788816,5.9724724964651585,7.389545755048159,1.8202049153898798,2.784469896263637,7.350325532619581,5.0,50.0,300.0,50.0
77,-7.804567069242072,1.4622487019913197,0.0,1.8145374370037561,5.1566892215019315,5:04:49.086529,50,0.0023427873572467338,0.0021988866766734817,0.00164990341390144,0.00729450935878373,3.0979452016294537,3.2622293256597983,2.2442060061475027,7.71078108918343,7.401273066011963,1.8875861391412387,3.017534536977659,8.93019960627479,5.0,50.0,300.0,50.0
78,-7.112804958626654,3.4958355817594753,0.0,2.7790337459203056,6.450146433829613,8:26:15.648107,50,0.0036036490227944716,0.0026872753569477026,0.002418915275976369,0.007460582712154138,3.1800624244243982,2.9943680619275526,2.174327645022185,4.199019107416429,7.423272343661293,1.9218868584256414,2.7360408398134988,5.6165402325649945,5.0,50.0,300.0,50.0
79,-7.66198297225433,2.8290362134334512,0.0,2.2713867485803663,5.636495239261034,7:11:28.643179,50,0.0028930622319706762,0.002315339431887141,0.001974619773094308,0.006423507337755822,3.016929618389528,2.9872967652318363,2.135216215539823,3.076842746128587,7.112912249192354,2.071756282456451,2.9171427956998395,5.471998544728647,5.0,50.0,300.0,50.0
80,-7.324141635601628,4.944376612305737,0.0,2.572364526904082,8.51561230781527,9:16:15.862492,50,0.0031896675082250274,0.002444161488430516,0.0021611253590834486,0.007839356276608042,2.6145469824461114,3.188654952721508,1.8272376501243563,0.3555972793403678,6.651601708929023,2.3960035290173263,3.3843381953309044,2.9978291452800905,5.0,50.0,300.0,50.0
81,-5.914586269475996,7.300349493679091,0.0,5.032118642327858,11.817846837468013,11:07:42.073649,50,0.0060088097018046165,0.002176493868672349,0.0027924569030677803,0.00912100720335323,2.561230173018795,3.1572123094016193,1.816563456714131,0.4601182692187233,6.181212122495021,2.5816384650228734,2.7030773331499915,1.4070129337994415,5.0,50.0,300.0,50.0
82,-8.094759357417491,0.227816784551891,0.0,1.3279966870212323,3.3237393579901746,4:24:49.242045,50,0.001731106124652634,0.0018749577448354952,0.0012170982616212104,0.004626506667429792,3.23857445885471,3.1234001873768755,2.291589774525005,1.8259900841857204,7.570292147163627,1.784269833556957,3.124655185756996,8.733004219312821,5.0,50.0,300.0,50.0
83,-8.03105329359001,0.337249637230523,0.0,1.4520661948827844,2.6396538446859594,4:40:26.691341,50,0.00189254084949547,0.002118001624909179,0.0012983911895095518,0.0036447846529456492,3.0944981277822525,3.162264520857961,2.122125769551719,0.8856824727570369,7.572653739673736,1.738244574244188,3.037863475630121,8.5562504483023,5.0,50.0,300.0,50.0
84,-6.867232167158669,3.263647422750907,0.0,3.0275487340421914,6.248598932234424,8:17:12.477344,50,0.003982288549667555,0.0028665557720989514,0.002581712979223349,0.0075303245786849686,3.4996188157218713,2.9689585341449947,2.453169571583416,5.214411245776071,7.759272255949249,1.5358854981754142,2.5264094798885353,6.176333632563904,5.0,50.0,300.0,50.0
85,-7.261409887400012,3.201605348920456,0.0,2.6562982431267597,5.897590080257023,8:23:42.331924,50,0.0034238482892947654,0.002533690175044806,0.0022850758856448024,0.0071810491624373935,3.0622757048231506,2.946078259225896,2.026600998399788,2.556159393428736,7.300354342791352,1.8894145772815234,2.6425245956623353,6.426972782710026,5.0,50.0,300.0,50.0
86,-6.676190719304016,4.657889780083526,0.0,3.5086369432074718,6.09750708386711,9:04:25.479898,50,0.0047245209616863185,0.002947967873851539,0.0030423628738063344,0.008226442785944107,3.070348466915081,3.139789253930169,2.0216247530942137,2.114139721981338,8.081205268841503,1.2510781772758222,2.6882665432691653,8.153109095739108,5.0,50.0,300.0,50.0
87,-7.221752795753565,4.6135508543127175,0.0,2.8441982099862613,6.200262224257813,8:40:41.211937,50,0.003647553435443887,0.0027541248064861567,0.002406785431474086,0.00799163680787482,3.2546544350380016,2.8204131507984718,2.3095176552873706,6.426184822231411,7.253626083745202,1.8750179044330952,2.810210749113714,7.404358616672541,5.0,50.0,300.0,50.0
88,-7.729097534078013,0.7574309332069677,0.0,1.7035640857128325,3.312926273112679,5:38:33.937746,50,0.0022206107976185338,0.002172230505313594,0.0015440429451133878,0.0046069397647411124,3.2418087629014547,2.960979390125247,2.2447532820808203,2.805894562305409,7.441874389329175,1.8168763131273238,2.9126967282893066,8.679230446437355,5.0,50.0,300.0,50.0
89,-7.721543809476375,1.1345801850233077,0.0,1.8360095145017845,4.418773228381685,5:46:50.618301,50,0.0024132114788235656,0.00239661982838902,0.0017014677825586038,0.0065667309246823105,3.1537589340169863,3.0876785403060643,2.2206227022501945,8.645356069614378,7.6102310020741,1.6795262077993183,2.906505599337457,9.718807854076355,5.0,50.0,300.0,50.0
90,-6.909253796291122,3.5564491229173445,0.0,3.384254163526416,5.839329400162326,8:53:12.342974,50,0.004414516861219221,0.0026307542838655924,0.0027473240501265737,0.007616381305418231,3.1492145667667453,3.0635355657642194,2.243306357317325,2.761928928858626,7.471216860315914,1.712153214454756,2.4552564545578646,7.475986165190212,5.0,50.0,300.0,50.0
91,-7.370947004038612,3.288070631050055,0.0,2.532903958623056,5.802806767929112,8:02:33.333092,50,0.003383614128836337,0.002938986479691361,0.0023157167427382335,0.00837254454338712,3.672999016730305,3.414624786598096,2.600812850937175,8.57181512332329,8.0079264574841,1.3710257045760201,2.9735597943080148,9.263330039063968,5.0,50.0,300.0,50.0
92,-6.224224323043185,6.765949090000651,0.0,4.760767825523922,8.005163990064728,11:12:16.104584,50,0.005887872909509581,0.0021589666204786893,0.002884101552131698,0.007923267500305661,2.696692219062627,3.043089776722082,1.8945703108879337,1.373569794358103,6.609375843122545,2.4330211926476233,2.7791021811591783,3.7258664254069074,5.0,50.0,300.0,50.0
93,-7.7486697868593275,1.6074174568983393,0.0,1.944196662760948,4.413185040603129,6:44:37.291340,50,0.002475043028010742,0.0022574725831999735,0.0017350007986444331,0.005426934203177768,3.1022677391934756,3.0276143926412056,2.243834902315313,6.172552206885998,7.11704172333997,2.0479899490858617,2.9038586060923635,6.583867911962266,5.0,50.0,300.0,50.0
94,-7.473842240485663,3.641701709308782,0.0,2.153721044884533,5.420456662083516,8:14:55.551874,50,0.0028149066269961324,0.002558992426686685,0.001955614857457446,0.007103921217304078,3.3089697036985504,2.912314693176376,2.2822552786608346,5.050268432868192,7.55613391337434,1.6536436920432989,2.9815646836214817,7.681628037460726,5.0,50.0,300.0,50.0
95,-7.340859091608975,3.482750825925609,0.0,2.482715371671274,5.718479789928994,8:00:46.958291,50,0.003232499638107904,0.0027918406076273576,0.002259518405811324,0.007752797380391717,3.2074675770104006,3.3573673039378322,2.2348279575259147,0.6473799312777717,7.522017600268282,1.8514256999276926,3.0473498983660274,8.169455896225799,5.0,50.0,300.0,50.0
96,-8.119654604103077,0.04037865964719063,0.0,1.1933033119080736,1.2978820158973465,4:31:15.418270,50,0.0015522493292970123,0.0016673781256471266,0.001073872929548073,0.0016621260431455517,3.108469729033042,3.1667086629912347,2.2252258749009037,6.152061647561239,7.425130687392098,1.8837555497130403,3.02674739284996,7.157979805498511,5.0,50.0,300.0,50.0
97,-8.094387716113255,0.1507146109055205,0.0,1.3111464599369524,3.783519570019175,4:28:56.155047,50,0.0017084573610341347,0.0018998733317046686,0.0011818823914732674,0.003133579001092382,2.985741035654174,3.057000600581108,2.1436239831893653,0.2463960610029238,7.466172559510259,1.8625124616128304,3.0781940756410604,2.0295781713846814,5.0,50.0,300.0,50.0
98,-7.169693005548349,2.643841799673414,0.0,2.830919128264674,4.602742715680841,6:55:25.605396,50,0.003711742906794737,0.002693983101301302,0.002510748923817233,0.006490365407623778,3.4795150072702006,2.9630234687179664,2.454185907335878,4.252870149252257,7.784876144722756,1.6484599321356983,2.560979720396892,8.81142728076243,5.0,50.0,300.0,50.0
99,-7.070504147689386,3.619028427194916,0.0,2.8342017770854673,6.179469613218477,8:05:42.381223,50,0.003674622225319112,0.0026824922419330308,0.002399620289372906,0.00591692592455085,3.1322683280924455,3.586944682913832,2.25612812379102,1.2791420149080532,7.421759997960804,1.932148158679106,3.2386074735606982,3.372223037565176,5.0,50.0,300.0,50.0
