i,logB,maxloglikelihood,SNR_inj_signal,SNR_comb_global,run_time,duration,width_median,width_plus,width_minus,width_global,amplitude_median,amplitude_plus,amplitude_minus,amplitude_global,phase_median,phase_plus,phase_minus,phase_global,spacing_median,spacing_plus,spacing_minus,spacing_global,fmin_median,fmin_plus,fmin_minus,fmin_global,fmax_median,fmax_plus,fmax_minus,fmax_global,duration_median
6.0,-1.677651911671307,20.457103533086524,13.132265542949263,9.31901305382121,27023.986416,174023.48742815517,3.580283841477026e-05,1.7447294544426993e-05,2.127552759724257e-05,4.189565578681998e-05,537.6593764993017,156.43210862999126,264.77435575125946,606.1892741826936,0.05398923744111789,0.63665032673784,0.045284240277197685,0.003906711490347294,0.001145838116034784,0.000554092882774189,0.0002551641559251671,0.0011461192067172153,0.051983452142875704,0.010976200215092859,0.034496943117457234,0.05625280459887542,0.07831695152642008,0.0038239827925517222,0.023131469199636212,0.08022288067461046,174023.48742815517
18.0,8.398579512213779,29.420892722786583,15.486967521225376,9.594565984954396,27461.874111,174023.48742815517,7.420652357384636e-06,2.200670997375197e-06,1.2070701301995725e-06,5.750018047913175e-06,1595.1516545139648,292.96993735645333,299.05861947271933,2013.7572834260034,0.2207659886106976,0.0030531729413457442,0.003451636951308734,0.22140055658878324,0.0017239184223266867,1.7912654130705467e-07,1.5626276319647206e-07,0.0017238843435805138,0.04911809334369408,0.0009081441845998073,0.0019708314241404096,0.049724095800787016,0.07675391337251983,0.003103192071716346,0.002028450664030429,0.07536204750215321,174023.48742815517
26.0,6.486012616244398,30.16289546265586,13.353972105416966,9.54638736661474,29946.342855,174023.48742815517,1.262231614604447e-05,6.695421093941635e-06,4.416899370082072e-06,1.4191107599136371e-05,1261.9876176562543,285.76237886174613,262.48764060549513,1389.748283342308,0.8896657866835396,0.004320240419965482,0.0034361223735894786,0.887855114003549,0.0017238110914271773,1.7005706952105855e-07,1.997183472746654e-07,0.0017239079311221967,0.052851407424661045,0.003389065957404215,0.014735997813377706,0.0548616169777904,0.07484697693287598,0.0020398477139008525,0.0015710152961121576,0.07393194860296286,174023.48742815517
44.0,0.24918204167084165,21.67930825283477,19.02179147915195,9.355512625622792,34401.672943,174023.48742815517,7.2810312489025645e-06,3.172413814541706e-06,1.1559698312634043e-06,5.9748023213649825e-06,1164.6989282763952,248.74399841814488,308.29085656026575,1420.8804837730797,0.8866628665889383,0.0015146581954502691,0.0016842000973802396,0.8859442507259276,0.0017239311546025688,8.555745613868758e-08,9.62442425083733e-08,0.0017239847623020748,0.026745978939790707,0.004366360536179455,0.010078679488261414,0.02736645912850881,0.07329403762146103,0.0033210340646616654,0.0034106271526757465,0.0723458871561018,174023.48742815517
56.0,2.1167209956388744,29.150755339744244,13.758881050818456,9.961510493354071,38063.101617,174023.48742815517,2.395434039919639e-05,2.2417702248929244e-05,9.205612299045485e-06,1.878400779269145e-05,1018.9680538933268,317.7835404432541,301.78238047122557,1312.1760958154082,0.9375094464707817,0.0023995256391805553,0.001009101022656611,0.9365320817521301,0.0022967288798120197,5.092920886450372e-08,1.5792543037055143e-07,0.002296791049537712,0.055259812810886405,0.002621198989470011,0.002485943449461972,0.05497944585556374,0.07995454193004728,0.002479082581423389,0.0016202413579343294,0.07952862629089483,174023.48742815517
58.0,-0.5170732918799218,19.86801066113427,16.10628698515004,8.415387268225206,38209.432935,174023.48742815517,4.926842123749454e-05,0.00027579147999995293,2.6722981488978476e-05,6.429578326642537e-05,548.7805368548612,286.14157722657615,389.9887545770739,552.9040542436323,0.44232864568462693,0.308429581270939,0.00485919258439288,0.4368687097833273,0.0022962922151147118,4.172333909696971e-07,5.4903145536833696e-05,0.0022967890702811655,0.04794105587876745,0.006935463025094943,0.03622415282499874,0.04896132458984413,0.07783169126353387,0.0029618720693956463,0.022278789516018194,0.07785367079727464,174023.48742815517
80.0,65.39007988291596,92.5440347201794,18.121721183456206,16.825830490057523,39943.691934,174023.48742815517,6.423173826337122e-06,9.023918692616596e-07,4.855785449469398e-07,5.9732101429942985e-06,2188.6540808113914,212.5319530432821,218.6121432783359,2314.9607297804914,0.8330741480798733,0.0017282379409260251,0.001784767083795824,0.8314241379361842,0.0011492376443606191,4.2101536541338386e-08,4.0165468659803666e-08,0.0011492777943291185,0.03738546812424047,0.0048198779887852344,0.003676631035273728,0.03388721703189587,0.07480157934021414,0.0015779052163932966,0.0026010988592674172,0.07220427178024452,174023.48742815517
64.0,-2.5398335744549025,23.34193690240779,11.606775506748901,8.562165196714318,41009.722642,174023.48742815517,2.231223161665623e-05,7.77352790594649e-05,1.3147036398460031e-05,2.3003714944956657e-05,386.69909258534585,594.1104357104053,285.80794162503366,1075.2144674462936,0.44396241252240176,0.3561268353961541,0.22626072479046092,0.4396169617925564,0.001744335998137263,0.0005521725112391266,0.0008092276301855589,0.0022966367024535523,0.03034503608887337,0.02755019704831607,0.023456886325605792,0.059734859445300256,0.07479485780761162,0.008057062779156438,0.03207266177359981,0.08348242079134409,174023.48742815517
0.0,66.32720038325544,97.74568394204834,18.113668792596005,17.15950245425679,42123.100599,174023.48742815517,7.0298988016858845e-06,1.3469468214373393e-06,8.942753947868796e-07,6.265761857083414e-06,2095.2654666476897,233.94593081546964,247.0247499392367,2297.752186838825,0.8340481031875607,0.0012504796078188773,0.0012396039093860445,0.8340679557232107,0.001149207283775299,2.9029249727120787e-08,2.8880037953324736e-08,0.001149206518299827,0.03948835766304839,0.0007179969603990713,0.0005719395511536579,0.03990621908006174,0.07773077904000429,0.002365172403681254,0.0008590546333785837,0.07785817404714868,174023.48742815517
88.0,9.33539806309921,34.120169479981406,16.112078783321532,10.313668457344106,44088.368208,174023.48742815517,6.386399128572689e-05,8.532626913300358e-06,3.196962008742762e-05,2.9637838222375856e-05,689.7624518518601,257.57315277458486,109.93592607503126,1075.483723718426,0.4359855845583029,0.0033674858907681293,0.0015907248580410704,0.43351781162838976,0.002296635492274375,1.2146083920713466e-07,3.1897230345651756e-07,0.0022967930253327056,0.046423107277861315,0.0015958998674122093,0.0013174136001423836,0.04486134080025945,0.07214751895828841,0.0038407289166873942,0.0014439163145333889,0.0721834947159506,174023.48742815517
8.0,64.95692593650615,97.43244483094412,18.448605061277057,16.821284610125893,44691.772765,174023.48742815517,8.844452128092136e-06,2.061401878536125e-06,1.6907990868030036e-06,8.844671143611755e-06,1861.870160675459,243.89538752967792,215.6249210578726,1790.8790714044337,0.8295197442754398,0.001653396811691521,0.0015513384895973203,0.8286686183583865,0.0011493206698545322,3.774246120128409e-08,4.036742609278554e-08,0.0011493429906284363,0.036897753822119295,0.004832307720576162,0.0011599135135598668,0.03657094716221472,0.07634424106267794,0.0009531171947197159,0.0006832810151204821,0.07680119748485525,174023.48742815517
42.0,56.76864914836473,85.67724991062593,19.39382824699225,16.834519609104092,45655.194079,174023.48742815517,6.6998631091895235e-06,1.1279158538154696e-06,6.744597166526457e-07,6.365775404494459e-06,1906.9310531464903,190.3584593953833,204.99482625430596,1980.0995018330832,0.8306904664185425,0.0009125385455814872,0.0008998796302294165,0.8315110708081943,0.0011492980072682047,2.2922544465429212e-08,2.3568296496053256e-08,0.001149275941473608,0.028870628897279246,0.0006316718957397743,0.0011681378921145139,0.0294051708135564,0.07599454269758715,0.001780094676161359,0.002397152662100596,0.07795020648025548,174023.48742815517
92.0,10.846345341258017,35.63452566689992,17.51255207989353,12.05303817400353,46295.595714,174023.48742815517,6.916945468137125e-06,1.773155713356744e-06,8.630733519597237e-07,6.055553382209036e-06,1140.1046843050572,182.09530963031762,179.7826330025889,1386.6993178907974,0.24260893489460808,0.0033169502613057122,0.003592797977337886,0.23953633011506417,0.0007662315802664843,3.621498307672128e-08,3.571189296765285e-08,0.0007662573650897991,0.03193791030252227,0.0026118775337477043,0.018407717088830343,0.034662648709904716,0.07251305563900161,0.0023421092597314813,0.002455812020078399,0.0702885433311547,174023.48742815517
70.0,50.32719074166743,81.34043681048519,17.615399175364594,15.939263720457886,47503.777163,174023.48742815517,6.930387411185635e-06,1.295257189873051e-06,8.151568957042709e-07,7.010317451840186e-06,1982.2483805976467,254.38407934246288,252.3679042374099,2091.8481811134757,0.8324652218373125,0.0014087249049541395,0.001585501660628652,0.8319119270880432,0.0011492461159306553,3.608055375216995e-08,3.40024365851066e-08,0.0011492576031402345,0.04157886734468472,0.0005609845380353043,0.01478631669706976,0.04119598944157151,0.07604518918581407,0.0005581313848517649,0.002651645275582745,0.0756676406381756,174023.48742815517
4.0,49.413546313467776,78.41967038237796,19.417185336460374,16.628190713626292,47787.63623,174023.48742815517,6.583426423665501e-06,1.0740710714701958e-06,6.025537724531368e-07,5.786427975657803e-06,1787.8374571686293,180.55041912127035,190.43245568277644,2066.7142585882643,0.8317240607752145,0.0008856154847695086,0.0009188557754225002,0.8314301891770942,0.0011492614396026548,2.6126471134105267e-08,2.419672104282851e-08,0.0011492747286068212,0.025670082120045082,0.002087868591607641,0.0015517115882326578,0.025485491234023133,0.07646850645978034,0.006210221183108697,0.002270966844774222,0.07450539181316587,174023.48742815517
96.0,56.39420711587934,86.21257232526258,17.608858644888933,15.869285304254653,48027.673183,174023.48742815517,6.289251031123308e-06,7.700346213302924e-07,3.959432194371165e-07,5.933341183630921e-06,2176.594481160713,188.30838795832278,200.96454740492072,2310.6266786052847,0.8312736893430074,0.0013763237871122769,0.0012863671419357514,0.8317077164196421,0.001149269050246995,3.153021566775806e-08,3.338457786562429e-08,0.0011492574200248568,0.0381278214342088,0.0010324483780364685,0.0021474547214510933,0.040033044487913366,0.07392640367195832,0.00041073795827213655,0.00041739171504409645,0.07402341349542461,174023.48742815517
36.0,58.24777939673549,89.13608061031121,18.15350329463344,16.92081304851346,48239.146755,174023.48742815517,7.322208952443806e-06,1.3699739749790704e-06,1.021173869149357e-06,6.716228355351101e-06,1971.6706507118251,224.74076689067942,220.9737097534496,2150.2843953462616,0.8303391682515707,0.0010843278457079997,0.0011052834271408907,0.830633199228366,0.0011493111620929052,2.7400352202444633e-08,2.754031024044222e-08,0.0011493034237421264,0.03260358698893987,0.0005106072060162975,0.0005135042743451348,0.03199412780378814,0.0715476087285798,0.0005257839053093571,0.0005926327637670176,0.07192183236440634,174023.48742815517
54.0,57.9892545343618,88.95242684402953,19.360670511213996,16.903567413685135,48562.412944,174023.48742815517,6.127842098174661e-06,5.935354419189795e-07,2.792298826956135e-07,5.8192607907535796e-06,2012.317296596283,153.87574690755991,162.69605086032698,2105.330238276763,0.8325747736776621,0.0007765708325203624,0.0007792021561475737,0.8330824179506123,0.0011492462211760788,2.0402328678066628e-08,2.0375527827465323e-08,0.001149233584610641,0.025693053732791578,0.0016070412017906328,0.0015509911545167482,0.02509433332324347,0.07393929783138214,0.0004435161861999076,0.00045216352737517673,0.07405736195940861,174023.48742815517
20.0,62.151655058595445,92.28532434969162,20.180673434719015,18.071074506079196,49138.696671,174023.48742815517,6.4027210468454245e-06,8.497975243108338e-07,4.7249305653888356e-07,5.878638904490091e-06,1897.506594477064,160.10917267299556,180.68986180828347,2068.57794016271,0.8323720281628859,0.000791355478577116,0.0008047269099836774,0.8322424383007324,0.0011492658247174632,2.1741258673588226e-08,2.1717699949172498e-08,0.001149272515358563,0.018566520235213598,0.0006736636881437587,0.00161689803158142,0.018317153755208173,0.0744360660886407,0.0019727392947383737,0.0011836139298593146,0.07680230659329472,174023.48742815517
22.0,58.071667270724014,89.25484276735449,18.164596153207917,16.446705437242795,49518.20476,174023.48742815517,6.333750064530387e-06,8.239328098202817e-07,4.278190481153803e-07,5.80569317425557e-06,2095.846624598277,202.75769033906408,214.9921354803198,2334.2012206142294,0.8289797341085456,0.001154618874347757,0.0011131346991835045,0.8294401265279029,0.0011493374554619167,2.712149436544936e-08,2.8677785591764773e-08,0.0011493264433209624,0.03674008588630998,0.0006774493216172503,0.008369620674980108,0.03659614548045264,0.07524018013527473,0.0010373954156536053,0.0005388644952715599,0.07538171262528823,174023.48742815517
46.0,45.43504756226317,77.2931734838359,19.06744410111625,15.396596768326187,49526.674267,174023.48742815517,6.264390811324272e-06,8.013630081338771e-07,3.7975564126834477e-07,5.76273593603686e-06,1924.2693675910812,170.71163399416923,181.72000174594746,1988.9028601241484,0.8315643197421961,0.001210889779894031,0.0010972081727936844,0.8306790799842976,0.001149268546851709,2.8818146050480636e-08,3.0010025001917656e-08,0.00114929345287025,0.028701889618699,0.004382869756198612,0.0009956313537049823,0.027602286326748937,0.0743624182534416,0.0023945459033296035,0.0014113904875137778,0.07335285780498288,174023.48742815517
68.0,69.83101404055436,99.98666145997458,18.812444487842082,17.56350244456482,50419.275834,174023.48742815517,6.906040910711278e-06,1.2301976556548058e-06,7.995823616677421e-07,6.5014915586917765e-06,2027.8054993534342,204.39524935096597,217.5875392767598,2149.7751192780843,0.8309890238306676,0.0009498520103804475,0.00102515856390617,0.8309576140520165,0.00114928426641479,2.4628666798250792e-08,2.3021472749830407e-08,0.001149284644628693,0.029760966482693163,0.0008433202480473585,0.0012733891995867844,0.028543044351700894,0.07326507808472475,0.003399446769861189,0.0007151497567818715,0.07305920957758921,174023.48742815517
90.0,67.41204970063804,98.95025888628918,18.33108349866765,17.329534810482144,51023.529499,174023.48742815517,7.122315114357726e-06,1.2237952738386991e-06,9.257359523928101e-07,7.3106027863917245e-06,2066.652369691936,217.8503247304343,212.2446150215626,2062.7512083509228,0.8301505661431484,0.0012408966023865764,0.001310801951968088,0.8300862668586263,0.0011493060938165076,3.232543317657072e-08,3.173295837211043e-08,0.0011493085340201568,0.0325264765191791,0.00043128950780834535,0.00044754531334074976,0.03313728900427822,0.07278748248082112,0.0004105665482440207,0.00040790865683942856,0.07223271228133989,174023.48742815517
32.0,69.7113721847768,102.08236143734968,18.854646053331887,17.212152512604543,51155.888082,174023.48742815517,6.3274956104481735e-06,7.790194997006811e-07,4.1669917377880787e-07,5.754972975560557e-06,2146.3931204102814,165.14223033219287,190.29453638805717,2263.035066543309,0.830509872328248,0.0009625376681721143,0.0009908726263552214,0.8306853808811728,0.0011493008781438998,2.439684610778571e-08,2.3781143739355984e-08,0.0011492949217046075,0.033566602164117776,0.00048585237458863284,0.001237086066628583,0.033758628096367295,0.0787270757614974,0.0015901732746671782,0.0005435600236230187,0.07796633659452532,174023.48742815517
30.0,76.432152589885,108.87608914897848,19.441047459975277,18.71340757555402,51296.716602,174023.48742815517,6.148775760032632e-06,6.268603739327146e-07,2.9437555941379683e-07,5.826690083186368e-06,2205.756366393795,195.39758688329403,187.9564957906407,2313.107454304729,0.83288732884445,0.0011425766339869803,0.00098033267848463,0.8318947390255094,0.0011492366057006657,2.326439153279257e-08,2.5955238279603762e-08,0.0011492608556846412,0.03264497552767935,0.0051276229465703,0.00639996906930369,0.028325742270411722,0.0774694982395662,0.0005706450886495823,0.0005050048581025784,0.0768036819901315,174023.48742815517
10.0,83.44950709973564,117.83456580066229,19.78393068007286,18.886235190378162,51486.330187,174023.48742815517,5.954370517657371e-06,3.156281343048342e-07,1.5389736543910018e-07,5.7481019746439016e-06,2179.472842126102,136.5436326195054,138.20422123740263,2249.446628456872,0.8340921803847635,0.0005545604385779335,0.0005707330578424985,0.8341484130941572,0.0011492036349714982,1.5244925494727057e-08,1.5364872271630275e-08,0.0011492046226194903,0.02099176841022067,0.0004559558335188521,0.00045664817924772824,0.020796068891979182,0.07534088602238637,0.0016707591024891777,0.0006909547999033455,0.07450181028325473,174023.48742815517
62.0,54.08356135558326,86.20572369733122,18.670263878211735,17.037131916848107,51968.376155,174023.48742815517,6.219267388627078e-06,7.004262486266075e-07,3.4059890751039e-07,5.792152796263463e-06,2045.9502798161745,166.75637141576613,175.9956582749935,2274.898753270564,0.8333640588121228,0.0009285420531790489,0.000953426463763063,0.8326104438453601,0.0011492228690488833,2.4442488038125057e-08,2.34092621960013e-08,0.0011492419648511114,0.032485149183752914,0.0005241322649978328,0.0007251054407441046,0.03268571890237845,0.07505154815521185,0.0005368069697412464,0.0005276025652542898,0.07450672182508354,174023.48742815517
66.0,67.92761457294033,98.61187656523622,18.889862147319985,17.140935815203655,52155.016185,174023.48742815517,6.129705794124468e-06,5.569261368401801e-07,2.836248344176425e-07,5.8294164751777e-06,2146.1563981014538,158.8410095054428,166.1965675293818,2234.3818467065453,0.8321473158321878,0.0008938004293015389,0.0008982073489458564,0.8322825392152893,0.0011492569963399636,2.212635838829205e-08,2.251475577415979e-08,0.00114925214590252,0.030180914388391756,0.0004891490152148098,0.0004852245971248975,0.030837528536321126,0.07570276761195245,0.0016391175364987992,0.0016778464330360343,0.0748991699808856,174023.48742815517
72.0,64.59743845693554,94.73677415407369,17.657938904148814,16.70945203333411,52379.190478,174023.48742815517,6.246610293398901e-06,7.348387615081821e-07,3.6725527813681577e-07,5.808689122636793e-06,2226.033930945896,201.3378451206545,221.77712474432906,2484.678803736299,0.8313198848001875,0.0011291810335651853,0.0011230041255748668,0.8318398266840064,0.0011492844625691227,2.8223369834138104e-08,2.8807742535625486e-08,0.0011492713603262362,0.033912605500529616,0.004396590147057074,0.0018014666654055655,0.038605710660607216,0.0727904828250248,0.00044716167887492997,0.0004425154451010993,0.07334683546111827,174023.48742815517
14.0,61.44531415948457,94.6923811339368,18.05778050307352,16.788317294180203,52479.377459,174023.48742815517,6.332717382164764e-06,8.412325807945081e-07,4.2795983776217366e-07,6.04198299472059e-06,2161.8417290145244,194.3604419575522,214.33850165992817,2308.42047885368,0.831279253941502,0.0013022254288329593,0.0011506241624243962,0.8308291321492307,0.0011492796009844703,2.7877852318931515e-08,3.1147182300147666e-08,0.0011492919811005755,0.03344620737062229,0.0006642625888300044,0.0053353632555017926,0.03314483832805916,0.07191410597640072,0.0020184156758117633,0.0005964193161452636,0.0721993045269472,174023.48742815517
74.0,72.83180128577236,102.94532534463632,17.358979576595466,17.833469006389866,52887.16624,174023.48742815517,7.65866238424647e-06,1.6208808963593912e-06,1.2034821261800768e-06,9.880477750268191e-06,2051.8387866528606,248.57526093109482,232.70419739224326,1966.5762646595867,0.8323073630763639,0.0011932761154410665,0.0013478604727936716,0.831595481396266,0.0011492508424011786,3.052939190795363e-08,2.7760773644485218e-08,0.0011492687263960927,0.0404786913490679,0.0017752535991164067,0.00496909648581275,0.04233430379988863,0.07629733671786523,0.0011433065579828927,0.001234048445956884,0.07565169172678642,174023.48742815517
60.0,48.520815397058485,76.68775870034528,17.883200372147147,15.628494923179543,53600.163556,174023.48742815517,6.9764630478214105e-06,1.5595829920021044e-06,8.927241739676431e-07,5.974828173265783e-06,1941.9549007690912,224.87770959723457,243.3531968359398,2230.233913081862,0.8307105859365455,0.0011963207663567843,0.001201060140300969,0.8307795450457176,0.0011492876900516624,2.7841353983544537e-08,2.738006113023675e-08,0.0011492851815707542,0.039151584407881704,0.0008810341888920714,0.004429285416309367,0.03958029757661956,0.0750866586570376,0.00043973730675421485,0.00043315208956871964,0.07564486948005716,174023.48742815517
24.0,64.04722217037256,97.96672525830066,18.60594233250858,17.260195491361294,54288.100339,174023.48742815517,6.317913096221492e-06,8.049058027570096e-07,4.1102469276966005e-07,6.0196050217135925e-06,2162.500175288688,178.97433496996837,199.0033251864977,2274.025414825055,0.8318923340219662,0.0009677187742108684,0.0009688341947456935,0.8319374482844273,0.0011492600650539026,2.507753432711736e-08,2.4507255606386752e-08,0.001149260931472333,0.032188844484930215,0.0006468146302440608,0.0015029773995743761,0.03199373451879368,0.07401643367212882,0.0005209214770640208,0.000506236526129536,0.07351160177097113,174023.48742815517
34.0,82.33074564860236,117.99237964908261,18.306506964714714,17.932128477110346,55126.98291,174023.48742815517,7.229558465234584e-06,1.563613449392751e-06,1.0058852659935724e-06,6.75507637892491e-06,2199.108425401069,238.48294591094555,239.99020427334767,2266.4296844533187,0.8341039888032677,0.0014668055458975093,0.001422418918869628,0.8339248314642278,0.0011492086871735423,3.373287169299716e-08,3.468512560869143e-08,0.0011492135141447073,0.03494851688324054,0.005375714112423963,0.004016535012745841,0.03429589351029918,0.07446460130584841,0.0008251042510878104,0.0007740138623578696,0.07413788022974774,174023.48742815517
12.0,52.5649673273307,85.24057023233662,18.89551148943809,16.532534875179707,56786.378488,174023.48742815517,6.348335531301237e-06,8.557146574031524e-07,4.4349812333082157e-07,5.772060398792078e-06,2069.168117976414,204.63068476245417,209.29375668686612,2062.200397535456,0.8321021377193083,0.0012968112463072057,0.0011857940093784602,0.8316114222505034,0.0011492617339087206,3.186724934801932e-08,3.354787214910129e-08,0.0011492748188341793,0.034952289230204464,0.001278543964180541,0.012247200102488053,0.021645555557569723,0.07125266117013472,0.0031587594144385917,0.001013915035245977,0.06996626552261981,174023.48742815517
98.0,72.34069045855992,107.5317161506254,18.445192671243852,18.08430996262495,57414.917303,174023.48742815517,6.236452483375803e-06,7.134461258330859e-07,3.5744320415225225e-07,5.8293190441344575e-06,2209.557700675108,168.89712779873526,185.8717150157429,2387.7709120931363,0.8294362936464107,0.0009098602904731301,0.0009111484852225571,0.8293260703817862,0.0011493260006816828,2.387837559148301e-08,2.3921202220661755e-08,0.00114932693531062,0.027972821808742034,0.0016442321223607004,0.001667856171925667,0.028226616996433418,0.07126459877264751,0.0017174511055077363,0.0011034495264805183,0.07105395873771295,174023.48742815517
28.0,37.799784394853056,67.43907606538315,17.78108669683701,16.174092235498993,57576.415633,174023.48742815517,6.219634677420562e-06,6.840068684657585e-07,3.4458013024949586e-07,5.793349238429052e-06,1536.3550953368947,168.2951521668615,157.00545982624885,1680.9610549931026,0.6594718967458288,0.0030523108277040745,0.003322513136271854,0.6590047994234767,0.0005746553399215607,2.0094945554663228e-08,1.848982960370258e-08,0.0005746592998145667,0.03718875383937802,0.0003930805352544142,0.008997195991327978,0.03772522021549524,0.07248537777558771,0.0011970217467156125,0.003479796970652843,0.0723286716981016,174023.48742815517
38.0,38.99185805984395,71.3989600415112,19.82721987693422,16.311999963517362,58295.607541,174023.48742815517,6.356560807251453e-06,8.781507410018239e-07,4.4400210865827497e-07,5.904194599413262e-06,1610.7260890455218,159.65964731500821,164.43879031862957,1672.1974364003077,0.8300517871429698,0.0007023725762934641,0.0010334465909869195,0.8301216341047877,0.001149309245533065,3.001393795477869e-08,2.159219587220644e-08,0.0011493068193707463,0.004797997208853132,0.013135074439880223,0.0034353059909801482,0.0019944704871048074,0.07219312199452402,0.004655225097886073,0.0008577258746407523,0.07220101274411908,174023.48742815517
76.0,74.11931987268937,105.58367041428748,19.47206615429129,18.08764329403436,58354.206786,174023.48742815517,6.156962792499624e-06,5.860719689241224e-07,3.0313989863257204e-07,5.913003322300725e-06,2158.586690102241,158.3716647574929,170.64240747868075,2217.8928573830376,0.833327885909558,0.0007432443996800986,0.0007456037219354394,0.8333015123641861,0.00114922508331387,1.8348266855958834e-08,1.8325769949711218e-08,0.0011492255237585,0.028558634505801515,0.0018983413819258499,0.0019891073829626654,0.026249667229826846,0.0760464890918052,0.0006217829350561449,0.0010416568594010106,0.07672374694098774,174023.48742815517
16.0,85.11108699950331,117.35928484713057,19.332972431354566,19.139853040253836,58739.183135,174023.48742815517,6.330284245242476e-06,8.179274862280444e-07,4.22782397963472e-07,5.965888898071915e-06,2175.960665494836,172.89390980718508,190.16191969129454,2347.7829622344725,0.8300169821674335,0.0006955510996569103,0.0007383618807128567,0.8297651581475867,0.0011493063502326646,1.8171106541328697e-08,1.727609857558529e-08,0.0011493104533465363,0.025232130784654538,0.0006906222393052268,0.004461236811222721,0.025177184482550456,0.0738018206456103,0.0005127427498395204,0.0006738833115962906,0.07449854761788022,174023.48742815517
48.0,19.196980340524323,45.7160372516669,18.37640848901702,15.486564999344939,59264.028458,174023.48742815517,6.452556735958699e-06,1.1327150692138264e-06,5.335464745269179e-07,5.847257076965193e-06,1170.7561572060013,133.6452637507889,143.91431133777064,1437.2996400547456,0.6579823665412055,0.0039923559254854135,0.00432982798861925,0.6614514046171955,0.0005746691165434832,2.636510686843379e-08,2.7378265521436213e-08,0.0005746459809345393,0.027013319008894063,0.005270042199184987,0.004202968385864925,0.027061952535444016,0.07977725772291111,0.0019799449060391855,0.0073191538658195915,0.07048469597808873,174023.48742815517
84.0,25.789485646890437,53.47088891067655,19.527499943910865,15.536755883156177,59519.055123,174023.48742815517,6.122175244070345e-06,5.965597455567246e-07,2.7786429336558904e-07,6.007424567288505e-06,1275.5635091178779,115.32979741778558,118.24172961176419,1316.2079397701623,0.6649881301408128,0.0018421550018949961,0.0018776467577971134,0.6660548876776892,0.0005746231270548981,1.1763834754626237e-08,1.169103363023085e-08,0.0005746143112669778,0.024667509304627317,0.0030445693798005803,0.005114830627853426,0.02452301952960506,0.0753810214467235,0.002287651663692533,0.0008276024774000745,0.07450735974740387,174023.48742815517
82.0,29.810195514585534,61.63499381144979,18.529205808821953,15.332063481873387,63103.348456,174023.48742815517,6.844888271986412e-06,1.4775099044664307e-06,7.934569882842104e-07,6.599135088085939e-06,1277.21393591966,152.79533363642508,160.29526874579028,1363.3378247168523,0.6663377956641376,0.0026664286398194736,0.0026152055407389074,0.6653533052172158,0.0005746158237498848,1.640511670139653e-08,1.64204898641003e-08,0.0005746233315400327,0.032379820270263704,0.0014969717261128362,0.007168042710293622,0.03371602631749429,0.07833869489262654,0.005444110088036705,0.0040470434405378425,0.07450274743183374,174023.48742815517
78.0,45.50087965617025,77.02247412489884,16.718604960401564,15.298826270750808,64418.569056,174023.48742815517,7.706616480100321e-06,1.751432224236837e-06,1.2567640260456281e-06,5.976947435357703e-06,1915.2436853318327,276.1174619000758,248.11501683374172,2411.6525411052617,0.8296404180561125,0.002597417869236285,0.0031392158928440494,0.8307904774516146,0.0011493153062271237,7.973814353202588e-08,6.32957312977564e-08,0.0011492902250164181,0.04259406400783467,0.0009146933714898747,0.0031828340356098994,0.04265408038791505,0.07465345608505641,0.001572399604802266,0.002486889961812802,0.07220584145687879,174023.48742815517
2.0,74.75228937780093,109.31908423959563,17.724400366491782,17.674263345676422,65021.875146,174023.48742815517,6.311864554668712e-06,7.975772685170746e-07,4.1247679029560746e-07,5.83244375862037e-06,2377.564813458152,196.79343271646758,229.7427185614274,2590.6793703504195,0.829712098766552,0.001176978951252683,0.001206045734906347,0.8295245175036728,0.0011493122445361212,2.803517098136886e-08,2.7429187014803638e-08,0.0011493165739934804,0.03863050534265645,0.002390042679401745,0.0016609765761705364,0.04051574349675965,0.07524488615225182,0.0010261230386137549,0.001115854352157608,0.07565211687605661,174023.48742815517
27.0,-0.7957897055020603,26.600950444116357,18.974413308122916,10.351238945630664,39408.969436,174023.48742815517,6.844732137506181e-06,3.5544320020275066e-06,8.382452850279281e-07,5.853318667814549e-06,1308.906021910938,260.4320528689693,474.55276167297586,1670.2876791715796,0.22303541097738855,0.4260943557056561,0.002144812034636262,0.22235591273774613,0.001723780915625621,1.1100330511801954e-07,0.0005797829105804353,0.0017238292964977956,0.03166408874118563,0.0014100938104818217,0.010776839385167703,0.03177930880566008,0.07587776795826079,0.005727802316202901,0.018581189767938662,0.07579108863681712,174023.48742815517
94.0,58.38717877326017,100.58796363655479,18.278016982507385,17.5854338165329,69957.70221,174023.48742815517,7.033245133613284e-06,1.2982852513340104e-06,8.755460820104748e-07,6.357423860264948e-06,1966.0524098293436,212.66457663828078,216.81483307831036,2218.6376483956437,0.8322200989750641,0.0008504817904216866,0.0008765682921921814,0.8321963306039876,0.0011492562069732024,2.2441573958951327e-08,2.188001227681341e-08,0.0011492551034215687,0.028470875800148256,0.0008323751553164123,0.000822838151881642,0.02741248513646533,0.07532706790628077,0.0014300759849695116,0.0028046338522531578,0.06990446900427173,174023.48742815517
40.0,53.19811491996314,87.98817577832871,19.09967098534566,17.65312259204647,70181.999539,174023.48742815517,6.412844549603206e-06,8.761977039956356e-07,4.79476708734204e-07,5.820436460804113e-06,1951.748602125599,165.53611773645707,193.21045548715506,2240.4911363300357,0.8319549887311156,0.000867688387155785,0.0009513274377626058,0.8318930844751495,0.0011492697506825388,2.4213957799555305e-08,2.241403662846253e-08,0.0011492677179771554,0.02367774683704823,0.0022192319431699956,0.0016729677766712144,0.0250971097735303,0.07348460414343741,0.001958862448665555,0.0008841229731762074,0.07321032605415154,174023.48742815517
7.0,98.0864295794372,127.36169651522107,19.29694163995464,19.541851155407695,43938.973623,174023.48742815517,6.714431748621848e-06,9.987011888516204e-07,6.747030187823343e-07,6.6934186806853896e-06,2214.9371501798155,195.40733656981774,210.214324230765,2249.8601849333227,0.8320766708259905,0.000838021771058628,0.0008592144841759186,0.8316035924848465,0.0011492605257608745,2.2162968387395496e-08,2.1849431221330345e-08,0.0011492735455175527,0.02677263942253463,0.00042816574737946506,0.00041900274784926334,0.027262404028665612,0.07412233409464436,0.0013319546884031919,0.00067951056624313,0.07450716703057024,174023.48742815517
50.0,22.465599002661882,61.83144694058845,19.090417457831826,16.524803146408424,76034.842056,174023.48742815517,6.375230655930463e-06,8.887220428124433e-07,4.551621793481327e-07,5.860964178431406e-06,1365.4708480294328,139.36267451988078,149.16499883520305,1490.9471477518439,0.6658916891152377,0.002584932390620409,0.0026941680356863396,0.668069011520212,0.0005746125957110973,1.7446818665559777e-08,1.7497888879047623e-08,0.0005745979314855979,0.030560798261403295,0.003481508808429533,0.010363493271168901,0.029599608121143716,0.07333694109408542,0.0016994189108000962,0.002657922714524197,0.07458081813638888,174023.48742815517
86.0,49.96590197973417,94.92724261338263,19.543988961149573,18.231315200209142,77356.471075,174023.48742815517,6.290437193021658e-06,7.725102881011983e-07,3.9811403049279775e-07,5.771184321179015e-06,2105.0764747098187,377.4748452720073,237.49156361498763,2191.5443927982533,0.8310832863739254,0.0010513712228794603,0.0010764671835649109,0.8312314143709141,0.0011492787399255758,2.573375684463211e-08,2.4935955708713792e-08,0.0011492733934767721,0.023236929752564157,0.02037576078961981,0.0028880698966447065,0.021524526967934884,0.07300824579795809,0.0018013099426773815,0.0006157128389093353,0.07335649114652473,174023.48742815517
5.0,2.5247197942046404,24.744536571994132,14.820785223498788,8.717485505301225,29790.58066,174023.48742815517,1.0939461293911784e-05,6.715716052925732e-06,3.668484828732963e-06,1.289576524942226e-05,1351.3587281069763,384.9291930236009,346.5402685660895,1422.6249906211956,0.43618897198226564,0.002170456304718904,0.001008099420511832,0.43485792977606885,0.0022966842612714244,8.115594483590338e-08,1.7374913605138279e-07,0.002296790160357026,0.04941091160135036,0.0017858931905094244,0.004901626555142695,0.051133977795264976,0.07482472590249209,0.007062967607908144,0.003311465425481691,0.0741079813233278,174023.48742815517
37.0,-2.6306053982768303,16.928170221957288,17.382230833268256,9.047992964509433,29906.995376,174023.48742815517,2.2374758108255916e-05,6.968763008755415e-05,1.404664028120761e-05,5.860813647080538e-06,281.436230400324,337.6317891917844,187.87332200742523,1547.016505930757,0.5424495126010802,0.2668925738944836,0.3488541823817882,0.5083842565667513,0.001278299423584716,0.0006540663278156908,0.0005078976823495872,0.0018395170078485392,0.02786058563367786,0.013218271379376902,0.017908637511908684,0.044875825826962486,0.060474180570828664,0.01783367653250706,0.014295511148012398,0.08440163909677857,174023.48742815517
97.0,-2.8953725603149723,15.601458185132717,15.68128693699047,8.288225617111761,30507.469474,174023.48742815517,2.4112679392444472e-05,0.0001414663310872278,1.6246021127179548e-05,8.24488062412593e-06,231.82382850643165,310.8199930761264,168.00875068068763,1151.460393331994,0.5310796555272517,0.37695587729986635,0.35250065224331495,0.4415391835707499,0.0014410330765962046,0.0005527484080827352,0.0005584847672759623,0.002192360397662835,0.02447344263172286,0.018137363746925143,0.016152400129914122,0.009076134993422033,0.0628294271269062,0.014631444791472381,0.017552952553392835,0.055881764549089843,174023.48742815517
19.0,75.33161705259582,108.01454314581112,17.997909038987604,17.39141395506948,51229.130921,174023.48742815517,6.615948535229104e-06,1.0660710666105368e-06,6.138758196269262e-07,6.100942460737838e-06,2260.85595145613,209.93831203990385,225.28287971754298,2399.4307637224574,0.8301985583583503,0.0012323650577212852,0.001239673358969573,0.8311398128033336,0.0011492967882232815,3.0068865388473837e-08,2.994227041590476e-08,0.001149273820680476,0.03634216687946637,0.001079456465340363,0.0007890294248586172,0.03544125017076625,0.07452432464859522,0.001596318453750245,0.0020478542963254798,0.07306661895405461,174023.48742815517
33.0,-2.1852839496336105,17.083952154377187,14.148923334364756,9.01044507346367,27994.910088,174023.48742815517,2.5979778901429496e-05,3.2208928482635374e-05,1.747011688675929e-05,6.277298443506026e-06,447.5549320601978,393.70115228469825,289.663859320406,1362.3751833234728,0.6861845133835146,0.2378740603397852,0.4813634629300856,0.8405798839763049,0.0016627635031625611,0.00041960369007846524,0.0008436274020180981,0.0009297893636636922,0.04382158342195035,0.010708565988401121,0.03521184422050803,0.05480647534700902,0.07415881396104833,0.006484998395973995,0.02578428602002445,0.07937681403375056,174023.48742815517
65.0,-2.7485987441562223,17.348732576919733,19.603557548202577,10.036068700586771,40277.153118,174023.48742815517,1.3210028405262975e-05,5.6768810329207166e-05,6.067485928659224e-06,6.333103622744706e-06,348.69148347347254,483.463778474008,271.80868293486753,1024.4696373961638,0.378847038601429,0.44812589663018765,0.17785366679402628,0.2610996036458048,0.0012529860538379846,0.0006701181694853306,0.0003323980293156037,0.0012529613013050182,0.016385837989938274,0.028603633040626356,0.013082614639674486,0.0009476921463954484,0.06895655543652801,0.00844577582730005,0.02268786914616245,0.07096532198211199,174023.48742815517
29.0,-2.998885575263895,13.936582010906726,17.45706383156684,8.725952760121185,26444.332682,174023.48742815517,1.607228553799496e-05,6.806157176706182e-05,8.750559624038761e-06,6.11670746944845e-06,252.58126013266377,422.6347142875945,187.07610942928852,1487.2544110713948,0.4510703248270545,0.36179946133467705,0.2924124485163238,0.21580758858084753,0.0014892281815338843,0.0006261381766018729,0.0006370509114215341,0.002260790291713212,0.01955987067862997,0.022861564560047426,0.013369814640761219,0.012974467161651947,0.06209221794982344,0.01595502085792195,0.022085784544618785,0.06133662706263914,174023.48742815517
99.0,-2.0326778705904656,17.904794789262542,10.8781733817728,7.733292830729867,27630.386145,174023.48742815517,4.336706025879523e-05,4.879818156871491e-05,3.158944963281782e-05,4.077516404882641e-05,320.7308379551944,256.19677518316064,173.17798873378777,693.1313498666866,0.2645605383496549,0.4599371581425382,0.15736020077401583,0.26251641439267076,0.0012909037275528352,0.000464948709957476,0.00039105962183680234,0.0012884451251887461,0.035678595863034415,0.019812204829393762,0.0245261643584063,0.05668825190539515,0.07280425489073483,0.00778179064551672,0.01847856192418735,0.07046583742430597,174023.48742815517
57.0,58.474772205328925,87.92765964394201,18.787114443425647,16.977674509672696,52341.919156,174023.48742815517,6.7061634713651606e-06,1.1422876057239166e-06,6.839771546998793e-07,6.2325831747728485e-06,1985.0969880103808,206.6076107335548,206.01895714533225,2142.9813354109665,0.8348928000846774,0.0012059492418610152,0.0014044987836573375,0.8353872972480941,0.0011491966470464684,3.28528502633544e-08,2.9244452538854798e-08,0.0011491844782231116,0.030839324510942456,0.008335952927413452,0.0021989643396850417,0.03199007858224302,0.07493265004854906,0.0010782704389947495,0.0012884345265246344,0.07453540879016304,174023.48742815517
3.0,-2.348730366410033,17.825463228599226,16.37429042733455,8.578252454443362,25809.644231,174023.48742815517,1.5624525284572856e-05,5.246890923865413e-05,8.11080136250377e-06,6.180951292521796e-06,412.61403430628366,559.8157355937889,284.92698280253194,1674.9978663211589,0.7312397918575,0.24996939704785093,0.46898454966022907,0.2976832688662517,0.0015226887511862685,0.00047252249692445684,0.0005168895178679618,0.0019155638720328941,0.025209501513054407,0.01919694038862333,0.016720154695103812,0.037508495863692634,0.06332068476657156,0.013467279095907003,0.026907422567140037,0.06761790651567458,174023.48742815517
45.0,75.06331758740187,107.50065562295009,19.371606909287404,18.231355111945327,57024.112221,174023.48742815517,6.089812559444222e-06,5.021603299775078e-07,2.5191887040557306e-07,5.846194417302877e-06,2065.961119675758,150.54344787183663,159.88408386887818,2180.9893644931562,0.8315436379372187,0.0007164450378273068,0.0007045064607441587,0.8312604863716068,0.0011492657518350562,1.9291036136787412e-08,1.9299885648405707e-08,0.0011492735943722785,0.01836689484071841,0.0016835601324243256,0.0019667726792990704,0.019349787035038372,0.07186206741787916,0.003077353100776309,0.0007097176643047903,0.07144076436785621,174023.48742815517
59.0,8.65989320189536,37.46740768187862,19.32047560332501,14.208885769636582,54180.852393,174023.48742815517,7.443134241291797e-06,2.241152462921778e-06,1.2175148480378017e-06,6.204151681497179e-06,1013.5536743615368,154.2571917830029,156.81290221232393,1196.3691011359379,0.6619433916809476,0.0038942123939462725,0.004424198992477146,0.6632324559815459,0.0005746369329123744,2.901857063832263e-08,2.450824072202165e-08,0.0005746277374351484,0.0279900726587407,0.001778775986739093,0.0016246584297137136,0.02720367048777298,0.07529645302516194,0.0014259568034501319,0.0013967139902357067,0.07532492106440218,174023.48742815517
77.0,-2.5944221123451454,19.431021341776535,12.476651405059355,8.337238061148271,34441.558343,174023.48742815517,1.5284403995306543e-05,5.1193576490315035e-05,7.657541477477356e-06,1.4454981839690238e-05,410.71477826256773,475.38527036228254,324.53377003640446,950.1048293859768,0.33538149253189176,0.4419817094893571,0.1771908991745592,0.2829493193038003,0.00135549474591768,0.0005675235203034287,0.0004325078051497409,0.001191857099642287,0.025477809430019642,0.014499352960685802,0.018099306239553966,0.031329935938252215,0.05880246529055692,0.019183259547856386,0.015109033762298794,0.05311632036088313,174023.48742815517
89.0,69.82775745696235,99.07464454076857,19.084133027495124,17.351238008182833,50491.861086,174023.48742815517,6.838544538904873e-06,1.2764561108166107e-06,7.610677190513587e-07,6.1068385917182005e-06,1942.124933645245,201.7529225324522,216.38295521549253,2077.7718781356725,0.8324775985249248,0.0011157382719808595,0.0013620650244194898,0.8333942281574679,0.0011492383802470074,3.29228109514218e-08,2.6977971470491802e-08,0.0011492129171979007,0.0348531478226725,0.002287323306312275,0.003048805246145092,0.03543282735509535,0.08288396975391002,0.0005731352986857591,0.0011939657278934451,0.08293651014672937,174023.48742815517
35.0,69.34912850455106,97.43899025671277,18.009143390618057,17.24624015295969,41213.252206,174023.48742815517,6.885602873440052e-06,1.244049015799655e-06,7.982435120622236e-07,7.1193058780972446e-06,2166.70370722638,238.23698318654533,252.24310453139924,2183.983674600692,0.8334809577865082,0.0016738658332027256,0.0016549934794428678,0.8342038614233008,0.0011492269602527859,4.2473354211957845e-08,4.2630860249250405e-08,0.001149210117843038,0.037428879235452385,0.0013751677331392057,0.001450338032857934,0.03767676012550329,0.0740677014886158,0.0018662023290004354,0.001814525942082451,0.07449824311883511,174023.48742815517
11.0,59.87681872508568,91.14836064351078,18.592215581999934,17.080120779664,45172.750024,174023.48742815517,6.193449932270391e-06,6.509117220875205e-07,3.233257086066361e-07,5.780074159721073e-06,2078.880349831802,160.48823365779617,173.5517842097454,2258.01090936557,0.8332178125485012,0.0008422355902448775,0.000878001817416596,0.8334921838868775,0.0011492334684784556,2.310702209391488e-08,2.2675761152460283e-08,0.0011492231938081685,0.027520806628935246,0.0007093678911304913,0.0008961805010226226,0.028534878291131056,0.07200869730521961,0.0009965195424548046,0.000657025676769521,0.07121197093956959,174023.48742815517
71.0,79.00855254138519,109.29716551404377,18.730597485504838,18.434963100857978,49365.283728,174023.48742815517,6.2537680775765655e-06,7.046925665671001e-07,3.681316302447473e-07,5.7926890514753056e-06,2216.6026054500917,166.20662501917468,184.1588875101993,2403.489720844677,0.8309759460025196,0.0007297931804266522,0.0007241657082101005,0.8311046119658456,0.0011492872660010056,1.9124870964670748e-08,1.9057538805725138e-08,0.0011492828373985881,0.026851746803209096,0.0004896776369839283,0.0004754799040132193,0.026250048454567593,0.07182698466729885,0.0009462291877474494,0.0005234076655426106,0.07151491323473332,174023.48742815517
75.0,57.723824986929465,87.18391079373768,17.388608581889574,16.595971941297336,44088.470224,174023.48742815517,6.36220962572467e-06,9.039791268811176e-07,4.4912413473771334e-07,5.867359000450839e-06,2141.189293037591,208.0974903934184,226.421195411933,2479.4345877225683,0.8314792391317226,0.0013705339052255683,0.001422017159029898,0.8315727605677193,0.0011492649843937081,3.4837489627011914e-08,3.4340156484895246e-08,0.0011492658121090525,0.038104200025529465,0.0005555595788568138,0.0018507941361676564,0.03796368568640454,0.07356128374227247,0.003304621158869911,0.0020305782025575175,0.07220021762228361,174023.48742815517
1.0,22.6579308566099,51.22379249782156,18.170613357684253,14.614408196297067,55670.791396,174023.48742815517,6.310188434512976e-06,8.613732112329335e-07,4.1302880324866144e-07,5.776833867489459e-06,1343.402594058413,141.75445289016307,150.02596349458145,1439.1905521757249,0.6615487573402977,0.00305688361423484,0.003199972546231611,0.661528553219996,0.0005746474595023258,2.014068542792371e-08,1.9589289808438944e-08,0.0005746477739844739,0.03196129395696305,0.002225128606817922,0.0011681567974645493,0.03171640739126988,0.07156379365324245,0.0010018716299925734,0.0009833921679458096,0.07145070422269774,174023.48742815517
43.0,41.10007617257086,78.78620586826227,18.4724210021363,16.106786378476748,52488.959731,174023.48742815517,6.42101467563906e-06,9.099574908274016e-07,4.894311049100167e-07,6.06672667788907e-06,1962.1763387223082,170.60189422485564,192.2026185292466,2123.1681429999803,0.8324353082828023,0.0010074701602932334,0.0010185130167467138,0.8321144707433777,0.001149247014392494,2.5815781339900978e-08,2.612215304199743e-08,0.0011492575340188143,0.03074380921302468,0.0008622629364667227,0.0007917739572126797,0.03198550017175144,0.07299054665940954,0.0011384491019415799,0.00055366512070118,0.07243688153870836,174023.48742815517
21.0,46.94004814137675,76.71189247103189,17.694054127981445,14.873032810410344,50540.175133,174023.48742815517,6.988264352544616e-06,1.3606043779604975e-06,8.617995732516857e-07,6.141315896731497e-06,1916.0650341402668,224.76635068718883,236.24773711743637,2130.5747021922502,0.8307570404007771,0.0012264270062732896,0.0012712711946711863,0.8315133775123927,0.0011492993831901837,3.06757013232746e-08,2.963288720631528e-08,0.0011492818007186713,0.03523873851689419,0.003240023960050166,0.0034083095250255283,0.03889050063936097,0.07393026397681769,0.002186906093931046,0.001881300384112522,0.07424136029990938,174023.48742815517
31.0,59.67935122827269,90.70441137644234,19.41806427167321,16.86538492341826,49224.650066,174023.48742815517,6.534875974108696e-06,1.0338902126349546e-06,5.645067886510591e-07,6.559099432091005e-06,1975.0801580388202,183.6444686919367,196.40677401366543,1943.1445798395841,0.8323100581465932,0.0008576616127288217,0.0007952297329351099,0.8322212242198855,0.0011492573077972273,1.9838901640619258e-08,2.116211262302714e-08,0.0011492593176935756,0.02687717293307867,0.0062964280397647295,0.0011794941420739426,0.02697193900796221,0.07530479768619919,0.001063070315106232,0.0010472233047914142,0.07565263737759644,174023.48742815517
47.0,61.58886799841815,94.70091264127386,18.133777620356394,17.029309884178222,51338.767325,174023.48742815517,6.7947137703604685e-06,1.2010943464226193e-06,7.357267763157003e-07,6.177333296270786e-06,2109.2335306266536,210.54597946633112,227.09415186076808,2317.3174833507087,0.8323061396462661,0.0010451436329149688,0.001100903283551502,0.832365009112749,0.001149248758244138,2.6255770003893314e-08,2.5595426444112446e-08,0.0011492488442772222,0.03694074294666116,0.0005445162555822863,0.0023540607146981113,0.03727306353320777,0.07509509488513773,0.0004352590711821924,0.0004400513504782405,0.0756468375264538,174023.48742815517
23.0,98.66861643536149,129.70542149222726,19.681592018009944,19.695562161191905,51546.052031,174023.48742815517,6.0946955252640905e-06,5.061584296340611e-07,2.5831458092198994e-07,5.868684180058029e-06,2265.5229679805598,153.9880764298955,164.5657129191659,2370.4487766000652,0.8325213566334074,0.0006521652179030113,0.0006664462067892396,0.8324968311852183,0.0011492464558915437,1.729820022812467e-08,1.7149655961827548e-08,0.0011492477764615985,0.023191116777956725,0.0010299127518589718,0.0026175635808190836,0.023940968506252998,0.07523031976873687,0.0007898464588123044,0.0005175226748961731,0.07466256628128455,174023.48742815517
17.0,72.46084088013146,100.9997627502389,17.523691110625343,17.243694813399898,42826.448615,174023.48742815517,6.123235876189884e-06,5.840445494662116e-07,2.766649359925784e-07,5.780951513873018e-06,2333.0426151770916,212.08036862719246,213.15945271396959,2607.595447384068,0.8275921905137246,0.0016735015587265867,0.0015905667296006731,0.8264997751965248,0.0011493780022251649,3.760205943620018e-08,4.028751605499731e-08,0.0011494040228340377,0.03978738803782656,0.0021392990252367683,0.0063753186249011565,0.04150753176569274,0.07521062171021323,0.001218488548409169,0.0005544006304575855,0.07565463528671676,174023.48742815517
81.0,49.444302263439546,85.35900353447899,17.385894319233234,16.24674882497524,61593.574451,174023.48742815517,6.851577868194698e-06,1.237959001376488e-06,7.86663686037916e-07,6.1548592289560495e-06,2097.4272603896256,242.9599647044006,242.61071585950936,2373.8579772411967,0.83054362818641,0.0012828526740886748,0.0012857157612217174,0.8303956140771929,0.001149294896484884,3.022500594425381e-08,3.135282543699838e-08,0.0011492985745857167,0.040278365137098676,0.0006122603048577605,0.0031907593163449446,0.0401905126111631,0.07287536163239466,0.0009473335263320976,0.0006904180827743411,0.07335670969013175,174023.48742815517
55.0,-1.0475342271473078,23.291430975056876,9.461960398822136,8.708200416976853,53913.730502,174023.48742815517,7.873021568196663e-05,8.417717173350713e-05,3.590579769976805e-05,3.557069708259283e-05,286.20048199681173,81.05265693828335,96.00591867310268,841.4389072068117,0.8415290137820518,0.029753247212273348,0.42430584344314837,0.001225989244938665,0.0008565380758426868,0.00038759578300508874,6.305955352605905e-07,0.0011461779124030203,0.025065779080674172,0.02508572191897427,0.005126204685317194,0.06703695376250815,0.06954239737027551,0.008764226119987437,0.007073012683422322,0.08014860028958777,174023.48742815517
63.0,64.92548648814035,97.53623061871382,18.4103797208798,16.973275390192,51161.039339,174023.48742815517,6.290603028574639e-06,7.535351441233577e-07,3.97804787188095e-07,5.991792148053031e-06,2203.025972559271,177.57355470304628,188.46812086886962,2295.1742334398728,0.8288215463673337,0.0011067802758115697,0.001010860165431171,0.8292107458313132,0.001149345559069006,2.5053274499246825e-08,2.797070034745927e-08,0.001149334230966089,0.03483453799012525,0.0008801445689574569,0.0009428309591520065,0.035434094584960496,0.07512620815347579,0.0005154954872930578,0.0005024498036964586,0.07555368868123595,174023.48742815517
25.0,81.21902245374498,116.54236380405112,17.572479744624154,18.051912437792502,49824.937297,174023.48742815517,6.634051843500877e-06,1.020618175151987e-06,6.380021587702723e-07,5.989129861733675e-06,2420.335173224723,215.09124838419257,233.089642248166,2620.737209804506,0.8329134270224594,0.0010911205165973215,0.0010718315061212236,0.8327671604303524,0.001149230532103025,2.5191482366489562e-08,2.5578804317694104e-08,0.0011492349452253236,0.03943339129237124,0.0004042423592215613,0.0004040932882473994,0.039404389846778944,0.07423342160415483,0.0008783028709457019,0.0006167633162665331,0.07403889835800379,174023.48742815517
13.0,61.0479920065506,92.35541870514882,18.89848959303195,17.530912818332588,48897.259358,174023.48742815517,6.51450416769375e-06,1.0049383890730868e-06,5.513128717428148e-07,5.942474844774284e-06,2008.3097503057968,184.2170566104453,210.0892153813329,2264.4632878357693,0.8319962811007215,0.0009762569731411874,0.0010032223693726694,0.8319917397587313,0.001149254442863372,2.5124971397665063e-08,2.4556140672303897e-08,0.0011492564527082233,0.031275392272029565,0.0019416493287175776,0.00262658999992468,0.030843690767281797,0.07590026463753671,0.0019188574846389361,0.0011746555719492346,0.07554052648220226,174023.48742815517
69.0,63.7824452562404,96.9731572593729,19.377699287768337,17.776653482715105,55255.727752,174023.48742815517,6.0699044277530125e-06,5.027934346431709e-07,2.3772516288346285e-07,5.80325852824058e-06,2058.3005012523226,148.29831014007823,157.5726282453047,2175.0111747015203,0.8293845639355107,0.0008375823270904137,0.0008744633241685174,0.829004043463411,0.0011493181217595936,2.3075536034495442e-08,2.2404409290039534e-08,0.0011493295104761823,0.023461758091643053,0.000702617304082085,0.0005163220395331541,0.023277764958383653,0.07283047644774701,0.0007811369623312442,0.0005863928849012129,0.07335597133098874,174023.48742815517
15.0,46.65875239248483,78.5214330290828,17.97070719160962,15.676085194820761,56125.870548,174023.48742815517,6.120267873023212e-06,5.698932978695005e-07,2.7420762726728176e-07,5.9551929598456605e-06,2076.9675653040995,177.26511649880877,201.78935225891018,2215.2308171151226,0.8337681217993983,0.001301214025848152,0.0013426520118640095,0.8331931375069908,0.001149220476995363,3.1235669857273066e-08,3.024841471028182e-08,0.0011492339992177436,0.03820552939133885,0.0005781634198705199,0.0018489199770197126,0.03887906801768153,0.07466597121436368,0.0007509550001977561,0.0009157691233519505,0.07450524847187784,174023.48742815517
91.0,77.44026144332706,112.66180807590028,18.017348846670902,17.851860456051458,58001.854974,174023.48742815517,6.326255136096411e-06,7.888548465980994e-07,4.162158715757071e-07,5.883466685720224e-06,2408.5376177186895,187.5292644903675,204.90470737526903,2543.174926278357,0.8307735797122077,0.00109959818586014,0.0010996131919523977,0.8307941613904722,0.0011492879464613378,2.6203665286651107e-08,2.5963346377781e-08,0.0011492886663493666,0.03721901368415606,0.00043986378033756407,0.00045411402655440303,0.03676465188929562,0.07396733511322562,0.00046595545287785034,0.0004671953627884834,0.0745009666605322,174023.48742815517
85.0,65.81480401085993,97.23382437371014,19.096409251304582,17.365706380951824,51123.925906,174023.48742815517,6.9189151431866364e-06,1.215966372780055e-06,8.02287103519948e-07,6.274957567590769e-06,1863.9512854882282,233.31684623442652,219.3583623333243,2122.867791439359,0.8304339362080151,0.0008734409665959175,0.001082850337985275,0.8298784543698445,0.0011493033712774484,2.599291526201447e-08,2.2902004856136318e-08,0.001149316773165933,0.021606824369913447,0.006426829278284574,0.015418711002545472,0.027393011818763056,0.07397879129810783,0.0004199899625351722,0.00042349505616187666,0.07367825745899816,174023.48742815517
83.0,52.74487747328257,82.24106946371747,18.798802432101404,16.96306789443382,47874.69052,174023.48742815517,6.1638520659025785e-06,6.480510920330544e-07,3.0583050186778536e-07,5.7649880713017245e-06,1970.088744547516,179.54670448638126,190.00739107641834,2205.182389768695,0.832183202065491,0.0011833876275503252,0.0012796141009632223,0.8328250281526811,0.00114925621980476,3.503894043964048e-08,3.07811403442871e-08,0.0011492386882493931,0.028224110880469104,0.002035386330212184,0.007361409018022121,0.02624570202559154,0.07189770476989739,0.007399306103825276,0.0008123375271925221,0.07145554952909212,174023.48742815517
49.0,67.96637167578952,102.85374706920575,18.927724802693298,17.959335101496446,52482.813691,174023.48742815517,6.089830707679357e-06,5.157248088461853e-07,2.516101009671736e-07,5.836834193451889e-06,2194.59557043211,169.2845583070789,176.18956141696503,2348.2863645443795,0.8313510005466233,0.000860948200669065,0.0008521567536255992,0.8323715018107104,0.0011492750659370863,2.1028199582865184e-08,2.150384997303377e-08,0.0011492499713421783,0.029472282782820262,0.005268498354672087,0.0036436478401240223,0.030844845946266037,0.07497666405728685,0.0005011795885254966,0.0006028283630900716,0.07537200032129387,174023.48742815517
93.0,72.16553852650965,106.74974527739559,17.057549855357838,16.592396563333754,65937.520044,174023.48742815517,6.385476848345754e-06,8.550598641608996e-07,4.6029398329590455e-07,5.875311269840291e-06,2382.530604827695,230.17901985244225,239.3943751436018,2579.0552507725324,0.8307613432199903,0.0014026780548499485,0.0014413923650811178,0.8298712201616346,0.001149299197610698,3.454938292033437e-08,3.383212370303666e-08,0.001149319689060306,0.038745644961410225,0.002159811098017425,0.004602102348641106,0.04032814951980222,0.07218131676375819,0.002474418857419669,0.0008648979784392774,0.07220201483346886,174023.48742815517
73.0,31.180052055304536,61.51627500362069,18.735140790238955,16.800368560545667,59898.8648,174023.48742815517,6.5681897393996626e-06,1.0863710969187568e-06,5.924892887698089e-07,5.876499417463547e-06,1365.4434120667995,138.06872719021226,151.2873552047563,1587.6875520157678,0.6629113564218426,0.002291989913509873,0.002284546634693352,0.6643511050990453,0.0005746432331029589,1.3250483001949441e-08,1.3724478315976785e-08,0.0005746352665504409,0.0338245033586091,0.000399435832098477,0.0023111202983086623,0.03428625945196318,0.07658131440179768,0.0008534763642430859,0.000987496531728041,0.07633848659854485,174023.48742815517
52.0,14.442383322942295,60.62657204411443,19.079561619388826,16.271898529447956,113493.946033,174023.48742815517,7.02375066127314e-06,1.7387693110049208e-06,9.131693403003225e-07,6.397293239900193e-06,1280.8137153625833,161.24805530660046,175.9357046717589,1390.933607114754,0.6611622227972872,0.002910387938386938,0.0027908553591221574,0.6623893594712397,0.0005746433526858661,1.7817000577918622e-08,1.8051768846004054e-08,0.0005746353947697391,0.031230100276511095,0.006864457973037162,0.0014367599993876795,0.03148475242031945,0.07700789668018024,0.002403268848539461,0.0040774531886785675,0.07713953997155212,174023.48742815517
67.0,59.26478852641934,92.46361557417599,19.548247986028663,17.83379799718216,63692.840962,174023.48742815517,6.078193895867606e-06,5.144467437637708e-07,2.4384782749605644e-07,5.785827195831586e-06,2003.1269629447484,141.20960030731385,154.19418452246555,2151.7806029185504,0.8320997951536532,0.0006444668347982407,0.0006225671041389935,0.8317524029377781,0.0011492642288979593,1.694106964824152e-08,1.7438019365946175e-08,0.0011492728782332173,0.02037387346912476,0.0010976999560932225,0.0010896517067036336,0.019358704204442634,0.07292494300858589,0.0010251536937645467,0.0005448295819610594,0.07317853150944295,174023.48742815517
39.0,73.62981207261508,107.72062105077627,17.86658250685649,17.380568855147224,60568.003868,174023.48742815517,7.134180784975009e-06,1.2490982104730286e-06,8.898554973616377e-07,6.367459064515161e-06,2149.6354698686196,240.44875872543344,234.66496295331785,2352.849218351653,0.8318854476884223,0.0015622734805552652,0.0017870042692503807,0.831856994562164,0.0011492599355094287,4.6995122983655574e-08,3.913312242309619e-08,0.0011492607569725125,0.03600889067563387,0.000496679024636168,0.0005051245869552787,0.035474306311810054,0.07470549388721275,0.0036512916599359263,0.0019922313403459013,0.07220444945046355,174023.48742815517
87.0,71.68695780544482,101.22277858285752,18.932100365198405,18.384925415551063,42182.603892,174023.48742815517,6.4524236073858955e-06,9.478028887760608e-07,5.082411583601771e-07,5.8460418952253206e-06,2171.7760103368114,199.32855048044712,205.50494342882757,2383.2816007997594,0.8322056157536984,0.0010478331971325305,0.0010572760559099947,0.8316744336901231,0.0011492536638262293,2.58614934552006e-08,2.5990602033846427e-08,0.0011492666258452367,0.030458446346517124,0.0059257355936540405,0.0014965430820187177,0.029690773403046457,0.07388441488126261,0.0005102433550437796,0.0005225499676845963,0.07381047044587125,174023.48742815517
61.0,12.250283693945057,46.68256144186751,17.629158567397702,14.602871595733848,69896.878496,174023.48742815517,7.19850361423081e-06,1.950921559934918e-06,1.0578230246575313e-06,5.939525397158775e-06,1114.9674252093262,209.59704547721367,187.54730016452902,1475.2925321097393,0.65947511339803,0.0036861958873540823,0.004482363601342909,0.66132502835341,0.0005746556536797073,2.5885571222107606e-08,2.2637547430343075e-08,0.00057464905943704,0.027135308633650327,0.0069817300159038635,0.0074407588095203,0.03371868547988336,0.07663352747654006,0.0038747326939642668,0.006436723121317572,0.07045236859743964,174023.48742815517
95.0,62.55144503790213,96.5619980050617,17.413369709579317,16.85212430239523,54209.453665,174023.48742815517,6.014977331759946e-06,4.0270457255349414e-07,1.974463797234735e-07,5.755908850941237e-06,2363.962154761344,176.86461611305458,189.7471028087616,2545.742758141835,0.8315729818214953,0.001105127136101336,0.001114108375196765,0.8315531699291265,0.0011492685385332555,2.6487249170674063e-08,2.6866012194440292e-08,0.0011492694040618886,0.03781629279134966,0.0007287161762417407,0.005225889656448365,0.03799892593754125,0.07155492182656774,0.001379947488639302,0.0010453657154540774,0.07134155387931608,174023.48742815517
9.0,28.07772592653952,54.922996227368564,19.983169693626785,16.3172735780806,81854.574042,174023.48742815517,6.461127027926075e-06,1.0434666111230023e-06,5.297701413455882e-07,5.8758290815616375e-06,1214.7703176477764,120.15872249586278,133.72046240068994,1318.1606979183227,0.6675485561943375,0.0018125651005463927,0.0017190774032886935,0.6674019205169756,0.0005746010733095048,9.761094513075809e-09,9.98179756244496e-09,0.0005746010557258337,0.02550351327715105,0.006315048314616309,0.001760683044005975,0.02533695379387239,0.08187512423316336,0.001334431578399936,0.0006703663278430083,0.0814598738020951,174023.48742815517
41.0,21.765356595883887,50.97712653567225,18.499712119237728,15.08965985276797,56756.824443,174023.48742815517,6.383460946225338e-06,9.602163225232794e-07,4.703684215084598e-07,5.894287302052462e-06,1180.0425841128833,158.03130071670284,148.65020181424575,1429.7431268884156,0.664342543712459,0.0024024259037551676,0.0025554324563795694,0.6656472588433229,0.0005746177021972029,1.6021199550071523e-08,1.5272331273870517e-08,0.0005746094967307155,0.02098454548589466,0.01343512552706443,0.014288475120054642,0.03435264021640736,0.07492716150790983,0.0022064331148897998,0.0010113039791764533,0.07488165154462616,174023.48742815517
51.0,44.99048431684203,80.06204039258989,18.69951697734878,16.456119507296762,59361.412452,174023.48742815517,6.197691867361622e-06,6.649208034667477e-07,3.299008934759984e-07,5.765151276102678e-06,1835.0967600632673,160.43371989479783,172.28224694400205,2031.621688175799,0.832221086748971,0.0007367485628060333,0.0007571816995666225,0.8321115407867281,0.0011492557577789885,2.1472335338165033e-08,2.1364585290131743e-08,0.0011492570899231773,0.01583384563154146,0.0031524022887091108,0.0020996928324718226,0.019347571663241872,0.06998868290565421,0.006207393283639617,0.0010606758528167032,0.06955903556134711,174023.48742815517
79.0,23.14660739787876,81.30913897987331,19.611602353896032,16.828217432672947,93177.820322,174023.48742815517,6.0652461157839295e-06,4.988622224293432e-07,2.3752117557133653e-07,5.782953496259066e-06,1840.3850476968048,141.38422530230673,147.4590306424857,1937.2464590703273,0.8318672315203779,0.0007833642598559232,0.000701669142760486,0.8318549463525174,0.0011492550392293063,1.988529567831937e-08,2.191143436266682e-08,0.0011492557915409177,0.014736577025249544,0.0022978177683392383,0.0008643152931175572,0.013794340789489252,0.07210627788325144,0.0018646949284861353,0.0007726812211254486,0.07220171501961357,174023.48742815517
53.0,48.98580266530385,91.97352192238893,20.135134240357438,17.431423453210463,136738.177889,174023.48742815517,7.003468293702674e-06,1.378330379219198e-06,8.634754182219005e-07,7.242370171075001e-06,1771.9948017069985,187.58843494631856,203.05401326834408,1760.6709253944182,0.8316021951498591,0.0005925270065416655,0.0006031281314722303,0.8314785637143952,0.001149278816951599,1.5627730918588503e-08,1.5764081692359183e-08,0.0011492820782050012,0.02036359912084542,0.0010131298779079007,0.0036119407324922796,0.020861376220641645,0.07787585186832571,0.0014386795574667516,0.0008701397150744916,0.07795066462858109,174023.48742815517
